id,days,mature,views,partner,twitch_id
ptbr_1706,1943,FALSE,929459,TRUE,44891403
ptbr_1273,1633,FALSE,11194,FALSE,61180621
ptbr_313,632,FALSE,2850,FALSE,145109685
ptbr_1570,906,TRUE,3422,FALSE,122121521
ptbr_800,267,FALSE,71,FALSE,189445819
ptbr_1869,332,TRUE,11310,FALSE,181817228
ptbr_722,1021,TRUE,6929,FALSE,110511642
ptbr_367,1655,FALSE,4156,FALSE,59876145
ptbr_150,2102,TRUE,117902,FALSE,39174484
ptbr_474,1622,TRUE,5950,FALSE,62133251
ptbr_856,2230,FALSE,3759,FALSE,35923742
ptbr_1144,1912,FALSE,3168,FALSE,45717905
ptbr_810,638,TRUE,5205,FALSE,144541383
ptbr_1569,540,TRUE,36383,FALSE,153976112
ptbr_939,2164,FALSE,5182,FALSE,36718509
ptbr_1466,1789,TRUE,1636,FALSE,51764317
ptbr_1311,2082,FALSE,7070233,TRUE,39795492
ptbr_1589,1440,TRUE,22520,FALSE,74354006
ptbr_434,618,FALSE,1649,FALSE,145666995
ptbr_788,616,FALSE,8307,FALSE,146712223
ptbr_278,523,FALSE,16534,FALSE,156144245
ptbr_791,908,FALSE,1299,FALSE,113014442
ptbr_777,1103,FALSE,2467726,TRUE,103748544
ptbr_1367,2442,FALSE,676704,TRUE,27962080
ptbr_580,3224,FALSE,4725,FALSE,9471215
ptbr_1322,920,TRUE,14062,FALSE,120711952
ptbr_237,1200,FALSE,14716,FALSE,94859795
ptbr_1461,1963,FALSE,3010,FALSE,43650130
ptbr_638,640,TRUE,50079,FALSE,144442731
ptbr_764,463,TRUE,76754,FALSE,163079780
ptbr_1148,1957,TRUE,761878,TRUE,44304795
ptbr_113,2300,FALSE,21103,FALSE,31633655
ptbr_1535,1148,FALSE,46751,FALSE,100084972
ptbr_1602,2318,FALSE,3179,FALSE,31071597
ptbr_134,1673,FALSE,25976,FALSE,58835247
ptbr_426,629,TRUE,14962,FALSE,145482658
ptbr_584,1555,FALSE,25775,FALSE,66021588
ptbr_1057,1714,FALSE,167389,TRUE,55969277
ptbr_324,874,TRUE,17695,FALSE,124789454
ptbr_572,2005,FALSE,1550,FALSE,42288341
ptbr_1348,2001,FALSE,564235,TRUE,42642296
ptbr_489,1349,TRUE,81894,FALSE,81507358
ptbr_214,654,TRUE,35812,FALSE,142947067
ptbr_463,2168,TRUE,8246,FALSE,37357735
ptbr_871,1759,FALSE,445,FALSE,51873588
ptbr_1236,668,TRUE,238891,TRUE,141929085
ptbr_1166,507,TRUE,52120,FALSE,157739465
ptbr_1852,408,TRUE,7948,FALSE,172101488
ptbr_963,1425,TRUE,3705,FALSE,75376601
ptbr_382,2316,FALSE,6063283,TRUE,31187787
ptbr_1682,422,FALSE,6399,FALSE,170184214
ptbr_387,2075,TRUE,3083,FALSE,39797588
ptbr_1225,1574,FALSE,36686,FALSE,64825943
ptbr_1730,1262,FALSE,3008,FALSE,89726585
ptbr_557,2418,FALSE,7309842,TRUE,28579002
ptbr_307,2145,TRUE,3885,FALSE,37990315
ptbr_149,1956,TRUE,13366,FALSE,44327251
ptbr_1582,504,TRUE,1615,FALSE,157150538
ptbr_1312,2242,FALSE,2586,FALSE,35109670
ptbr_571,129,FALSE,358,FALSE,211223764
ptbr_1230,737,FALSE,9135,FALSE,136350301
ptbr_1296,1868,FALSE,3224,FALSE,47467269
ptbr_761,2412,FALSE,19889,FALSE,28046945
ptbr_835,931,FALSE,4843,FALSE,119748340
ptbr_527,1423,FALSE,386,FALSE,74568835
ptbr_885,2108,FALSE,7258,FALSE,39008069
ptbr_1193,1516,FALSE,32641,FALSE,69204485
ptbr_1121,3035,TRUE,325207,TRUE,13306939
ptbr_1304,1367,TRUE,409417,TRUE,79809308
ptbr_1211,792,FALSE,4710,FALSE,131902004
ptbr_1385,941,TRUE,17822,FALSE,118717375
ptbr_1154,1539,TRUE,28802,FALSE,67271750
ptbr_502,2507,FALSE,112448,TRUE,26461261
ptbr_770,1505,FALSE,344,FALSE,59258472
ptbr_669,875,TRUE,3589774,TRUE,124667314
ptbr_327,711,FALSE,9339,FALSE,138437340
ptbr_1552,2225,FALSE,75878,FALSE,36023565
ptbr_854,417,FALSE,3016,FALSE,170649368
ptbr_624,1775,FALSE,325297,TRUE,52569422
ptbr_1104,899,TRUE,124347,TRUE,122747274
ptbr_1727,823,FALSE,766,FALSE,127983549
ptbr_153,1388,TRUE,107085,TRUE,77853016
ptbr_1886,723,FALSE,2087,FALSE,137453501
ptbr_931,2052,FALSE,2814,FALSE,40490651
ptbr_1208,1346,TRUE,13424,FALSE,81754667
ptbr_1342,1475,FALSE,3094,FALSE,71719786
ptbr_675,1601,FALSE,19634,FALSE,62981706
ptbr_467,1774,FALSE,11392773,TRUE,52614128
ptbr_1340,1003,TRUE,14619,FALSE,112302950
ptbr_114,497,TRUE,8455,FALSE,158802171
ptbr_536,2189,FALSE,703,FALSE,36791444
ptbr_1692,1220,TRUE,15442,FALSE,93199914
ptbr_1308,1596,TRUE,46121,FALSE,62806816
ptbr_671,1509,TRUE,1408,FALSE,69203381
ptbr_1618,1904,FALSE,1855,FALSE,46620052
ptbr_1145,1741,FALSE,11859,FALSE,54446483
ptbr_96,1826,FALSE,905,FALSE,49790045
ptbr_295,1392,FALSE,5638,FALSE,77304462
ptbr_405,1563,FALSE,275,FALSE,52304703
ptbr_1477,1761,FALSE,239456,TRUE,53374065
ptbr_1503,607,FALSE,2104,FALSE,147610788
ptbr_1787,1581,FALSE,1614575,TRUE,64327411
ptbr_215,990,FALSE,61940,FALSE,113930726
ptbr_1285,1772,TRUE,3338,FALSE,52673255
ptbr_1626,1950,TRUE,480,FALSE,44473765
ptbr_1279,2038,FALSE,10690,FALSE,41039652
ptbr_1117,780,FALSE,276,FALSE,132454750
ptbr_832,1633,FALSE,21947,FALSE,61445872
ptbr_942,2458,FALSE,8685,FALSE,27547571
ptbr_352,1923,TRUE,12278,FALSE,45744910
ptbr_1245,2398,FALSE,1895964,TRUE,29121166
ptbr_83,528,FALSE,1726,FALSE,155373745
ptbr_1231,224,FALSE,2010,FALSE,190040671
ptbr_1800,1356,TRUE,12297,FALSE,80914106
ptbr_1515,675,FALSE,2999,FALSE,140075551
ptbr_1896,922,TRUE,28026,FALSE,120848334
ptbr_1743,1374,FALSE,13768,FALSE,79126160
ptbr_79,382,FALSE,385,FALSE,175296678
ptbr_1015,614,FALSE,1643,FALSE,146583466
ptbr_1720,1218,TRUE,393579,TRUE,93339229
ptbr_1097,606,FALSE,4146,FALSE,146913584
ptbr_1063,469,TRUE,15033,FALSE,162248918
ptbr_232,760,FALSE,700,FALSE,134156808
ptbr_310,2007,FALSE,4697,FALSE,42390193
ptbr_241,1854,FALSE,181047,TRUE,48906781
ptbr_1423,2471,FALSE,2163211,TRUE,27255072
ptbr_786,1943,FALSE,2289,FALSE,44848796
ptbr_500,1464,TRUE,2703,FALSE,72430660
ptbr_272,665,FALSE,1780,FALSE,142082665
ptbr_1414,2251,TRUE,79248,FALSE,33195858
ptbr_1822,983,FALSE,6306,FALSE,114671415
ptbr_1623,423,FALSE,230,FALSE,169684381
ptbr_616,783,TRUE,1220,FALSE,130811196
ptbr_88,2336,TRUE,126339,TRUE,30671036
ptbr_808,934,TRUE,2714,FALSE,118688959
ptbr_809,735,TRUE,270479,TRUE,136447686
ptbr_1185,1732,FALSE,1875392,TRUE,54970870
ptbr_1419,1499,FALSE,816,FALSE,70568957
ptbr_56,2284,TRUE,5508,FALSE,32051540
ptbr_1012,753,TRUE,164098,TRUE,135034959
ptbr_106,1945,TRUE,1077945,TRUE,44744932
ptbr_550,1609,FALSE,8402,FALSE,59053226
ptbr_17,2465,FALSE,1134,FALSE,27279394
ptbr_1574,767,TRUE,713,FALSE,133471547
ptbr_1352,2044,TRUE,1995,FALSE,40917888
ptbr_365,327,FALSE,893,FALSE,182461227
ptbr_1878,1110,FALSE,8100,FALSE,103208745
ptbr_167,1739,TRUE,1116,FALSE,54088057
ptbr_0,1601,FALSE,475,FALSE,62554112
ptbr_755,553,FALSE,1151,FALSE,152499800
ptbr_577,973,TRUE,219287,TRUE,115606755
ptbr_757,1513,FALSE,979,FALSE,68528069
ptbr_481,149,FALSE,859,FALSE,216933396
ptbr_495,630,TRUE,2246,FALSE,144942129
ptbr_1526,578,FALSE,2797,FALSE,149105878
ptbr_631,1582,FALSE,21767,FALSE,63759707
ptbr_1500,1114,FALSE,519,FALSE,101740076
ptbr_16,796,TRUE,5387,FALSE,131588129
ptbr_264,473,FALSE,64843,FALSE,161669714
ptbr_981,1288,FALSE,6302,FALSE,87418884
ptbr_1683,756,FALSE,4318,FALSE,134815256
ptbr_799,995,FALSE,659962,FALSE,113415866
ptbr_1325,1437,TRUE,6004,FALSE,74443587
ptbr_1548,1769,TRUE,11008,FALSE,52836225
ptbr_478,719,FALSE,5201,FALSE,136316418
ptbr_1411,771,TRUE,11552,FALSE,133708772
ptbr_183,1719,FALSE,11897,FALSE,55652422
ptbr_917,618,FALSE,1378,FALSE,141870980
ptbr_1480,381,FALSE,31888,TRUE,175520886
ptbr_1554,3489,TRUE,220906,TRUE,5115151
ptbr_1638,2194,FALSE,4762,FALSE,36617461
ptbr_1435,1457,FALSE,3392,FALSE,72808965
ptbr_1075,674,FALSE,13773,FALSE,139544831
ptbr_839,1868,FALSE,35183,FALSE,48404219
ptbr_57,2119,FALSE,27282,FALSE,38715498
ptbr_850,2229,TRUE,10016,FALSE,35957024
ptbr_1797,1204,FALSE,7147,FALSE,94007042
ptbr_1498,2275,FALSE,1834,FALSE,32287898
ptbr_1241,1272,FALSE,1768,FALSE,88992240
ptbr_1483,656,FALSE,5832,FALSE,142851193
ptbr_65,1937,FALSE,37808,FALSE,45109269
ptbr_1418,370,TRUE,2301,FALSE,168572333
ptbr_416,362,FALSE,4976,FALSE,177607566
ptbr_1583,973,TRUE,4627,FALSE,115572043
ptbr_1223,866,FALSE,36449,FALSE,125377106
ptbr_576,628,FALSE,18348,FALSE,145544416
ptbr_1410,2245,FALSE,98242,FALSE,32857058
ptbr_1794,2187,FALSE,32850,FALSE,36962047
ptbr_692,745,FALSE,3343,FALSE,135517657
ptbr_1274,1729,FALSE,783,FALSE,54766286
ptbr_973,2420,FALSE,1099861,TRUE,28526571
ptbr_723,1652,FALSE,12721,FALSE,59016731
ptbr_1841,1608,TRUE,25527,FALSE,62773221
ptbr_281,1043,TRUE,2831,FALSE,108712569
ptbr_471,1534,TRUE,2595197,TRUE,67773433
ptbr_1728,890,FALSE,1445,FALSE,123513664
ptbr_1881,3313,FALSE,5098,FALSE,8232880
ptbr_1625,1879,FALSE,16798,FALSE,46816676
ptbr_128,1458,FALSE,5350,FALSE,73089313
ptbr_1709,996,FALSE,3548,FALSE,112418375
ptbr_1037,1858,FALSE,1805,FALSE,48352280
ptbr_1525,2780,FALSE,322785,TRUE,20010480
ptbr_534,326,FALSE,3002,FALSE,182264978
ptbr_496,1040,FALSE,2213590,TRUE,108930099
ptbr_1244,1592,TRUE,3341,FALSE,63638154
ptbr_1484,773,FALSE,2231,FALSE,133575871
ptbr_1539,1185,FALSE,21670,FALSE,95544915
ptbr_1337,2252,TRUE,3490782,TRUE,32967520
ptbr_1373,1303,TRUE,1272,FALSE,85502889
ptbr_706,1952,TRUE,11635,FALSE,44389881
ptbr_139,1882,TRUE,20742,FALSE,47702337
ptbr_1105,1670,TRUE,194061,TRUE,59124030
ptbr_650,598,FALSE,25060,FALSE,148112773
ptbr_517,497,TRUE,17171,FALSE,158774381
ptbr_794,1158,FALSE,115588,TRUE,98891437
ptbr_249,1016,FALSE,27088,FALSE,111108189
ptbr_583,1083,FALSE,20934,FALSE,105059573
ptbr_297,1792,FALSE,2955,FALSE,43926167
ptbr_100,2072,FALSE,8211,FALSE,39641305
ptbr_1884,3193,TRUE,15566,FALSE,9680367
ptbr_1138,2592,TRUE,4841,FALSE,24631685
ptbr_226,1134,FALSE,2689,FALSE,100181715
ptbr_883,2329,TRUE,6291,FALSE,30836546
ptbr_414,2154,FALSE,1821,FALSE,37725068
ptbr_1585,368,FALSE,6764,FALSE,177153946
ptbr_1801,1129,TRUE,1764,FALSE,99842576
ptbr_1756,1275,TRUE,6722,FALSE,88669866
ptbr_68,1390,FALSE,7094,FALSE,74342540
ptbr_397,2123,FALSE,15900,FALSE,37261457
ptbr_1444,971,TRUE,1761,FALSE,115567666
ptbr_720,1733,FALSE,346748,TRUE,54937110
ptbr_1469,1852,FALSE,3958,FALSE,48775696
ptbr_851,1871,TRUE,22212,FALSE,48236304
ptbr_177,1804,FALSE,2463,FALSE,50819475
ptbr_705,1980,TRUE,2970,FALSE,43111927
ptbr_242,820,FALSE,19480,FALSE,128651807
ptbr_135,970,FALSE,10499,FALSE,115925299
ptbr_784,1393,FALSE,161302,TRUE,77477247
ptbr_51,927,TRUE,9115,FALSE,120160350
ptbr_444,451,FALSE,1467,FALSE,165491655
ptbr_1254,1555,TRUE,3505,FALSE,66046629
ptbr_173,1739,FALSE,1429848,TRUE,52826507
ptbr_450,627,FALSE,6484,FALSE,145378248
ptbr_934,884,FALSE,525,FALSE,105698289
ptbr_1291,831,FALSE,86493,FALSE,128473854
ptbr_1678,521,TRUE,8651,FALSE,156184080
ptbr_792,1208,TRUE,12098,FALSE,94221255
ptbr_874,1158,FALSE,9277,FALSE,98871095
ptbr_1000,588,FALSE,10952,FALSE,149334366
ptbr_704,540,FALSE,81362,TRUE,153970165
ptbr_1861,1600,TRUE,33269,FALSE,63193885
ptbr_393,1657,FALSE,2878,FALSE,59818845
ptbr_947,1717,FALSE,2469,FALSE,52324285
ptbr_1698,818,TRUE,3987,FALSE,129703474
ptbr_363,1123,TRUE,26484,FALSE,102286811
ptbr_203,1255,FALSE,837,FALSE,89162189
ptbr_1863,1306,FALSE,1273,FALSE,85450630
ptbr_893,1067,FALSE,7910298,TRUE,106690387
ptbr_895,832,TRUE,59890,FALSE,128296791
ptbr_898,2092,FALSE,56394,FALSE,39458656
ptbr_1697,1480,FALSE,1674,FALSE,71826696
ptbr_1448,1308,TRUE,10089,FALSE,85228604
ptbr_1405,2046,FALSE,1542,FALSE,40164316
ptbr_771,694,FALSE,3791,FALSE,138817578
ptbr_204,2991,FALSE,225106,TRUE,14331981
ptbr_551,695,FALSE,13804,FALSE,139429041
ptbr_630,767,TRUE,38743,FALSE,134042970
ptbr_80,2284,FALSE,9889,FALSE,31887528
ptbr_944,1628,FALSE,22414,FALSE,61767506
ptbr_951,743,FALSE,6192,FALSE,135153605
ptbr_1580,1148,FALSE,6805,FALSE,99695943
ptbr_938,579,TRUE,28837,FALSE,149393735
ptbr_1272,1888,TRUE,1357,FALSE,47356620
ptbr_633,489,FALSE,1219,FALSE,159401310
ptbr_1146,408,TRUE,3507,FALSE,171454873
ptbr_1565,2292,TRUE,2263,FALSE,31845670
ptbr_569,478,FALSE,429,FALSE,157775058
ptbr_1260,1602,TRUE,81412,FALSE,63072946
ptbr_1429,1334,TRUE,13995,FALSE,82893843
ptbr_201,2014,FALSE,3467,FALSE,42021317
ptbr_1302,790,FALSE,1066,FALSE,131939093
ptbr_76,2471,TRUE,5342,FALSE,27254938
ptbr_409,1828,FALSE,1101541,TRUE,49980292
ptbr_1002,723,TRUE,798,FALSE,137316703
ptbr_607,749,FALSE,3436,FALSE,135220786
ptbr_1152,255,TRUE,10436,FALSE,193915299
ptbr_371,627,FALSE,425,FALSE,144339774
ptbr_1640,1168,FALSE,15090,FALSE,96701247
ptbr_1597,425,FALSE,919,FALSE,167980388
ptbr_268,810,TRUE,4637,FALSE,130339417
ptbr_1798,1234,FALSE,6306,FALSE,88022787
ptbr_1701,615,FALSE,544014,TRUE,146927160
ptbr_632,981,FALSE,1020,FALSE,113804636
ptbr_1725,275,TRUE,14014,FALSE,189841003
ptbr_1804,738,TRUE,5903,FALSE,135159038
ptbr_5,529,FALSE,68457,TRUE,155316225
ptbr_1020,1599,FALSE,9631,FALSE,63240290
ptbr_1183,2262,FALSE,14224,FALSE,32647664
ptbr_1008,999,FALSE,42345,FALSE,113065560
ptbr_488,2051,FALSE,1552956,TRUE,40858653
ptbr_880,3466,FALSE,7402238,TRUE,5625662
ptbr_340,713,TRUE,9852,FALSE,137945850
ptbr_1516,1668,FALSE,439,FALSE,57826492
ptbr_820,636,FALSE,25913,FALSE,144733916
ptbr_284,1584,FALSE,1809,FALSE,64131709
ptbr_1374,1868,FALSE,4493915,TRUE,48393132
ptbr_863,2295,TRUE,404664,TRUE,31749928
ptbr_1031,709,TRUE,39149,TRUE,138590338
ptbr_1151,196,FALSE,6597,FALSE,203524513
ptbr_1527,300,FALSE,2028,FALSE,186077613
ptbr_1561,1436,TRUE,6469,FALSE,74612268
ptbr_1155,1284,FALSE,3229,FALSE,87431594
ptbr_845,1921,TRUE,3448,FALSE,45823750
ptbr_1710,2322,FALSE,14039,FALSE,31032588
ptbr_727,345,FALSE,3694,FALSE,180065883
ptbr_1739,1781,FALSE,35175114,TRUE,52203144
ptbr_1829,509,FALSE,222867,TRUE,157536074
ptbr_1485,463,TRUE,61079,FALSE,163118207
ptbr_466,764,FALSE,8020,FALSE,134145533
ptbr_1191,1263,FALSE,31319,FALSE,89416107
ptbr_415,1485,TRUE,44268,FALSE,71455554
ptbr_1661,450,TRUE,4807,FALSE,165621225
ptbr_475,2131,TRUE,1510,FALSE,38260385
ptbr_940,597,FALSE,7541,FALSE,148412334
ptbr_902,1750,FALSE,222291,TRUE,53577580
ptbr_730,1566,FALSE,3349,FALSE,64988711
ptbr_1633,826,TRUE,2014,FALSE,128923053
ptbr_1616,563,FALSE,3431,FALSE,150871437
ptbr_335,521,FALSE,32125,FALSE,156328689
ptbr_1315,658,FALSE,6263,FALSE,142662452
ptbr_1900,1752,FALSE,3657,FALSE,53624789
ptbr_579,181,FALSE,1235,FALSE,208975081
ptbr_925,328,FALSE,18204,FALSE,182226561
ptbr_1846,650,FALSE,1097,FALSE,142041745
ptbr_105,995,FALSE,2305,FALSE,113447138
ptbr_827,967,TRUE,105116,TRUE,116188906
ptbr_1853,2212,FALSE,2002,FALSE,36327283
ptbr_41,264,FALSE,444,FALSE,191017037
ptbr_1872,1415,FALSE,5095,FALSE,75550610
ptbr_919,772,TRUE,6742,FALSE,133588874
ptbr_868,1701,TRUE,1618296,TRUE,56744242
ptbr_1120,1090,TRUE,15348,FALSE,104327522
ptbr_1049,1514,FALSE,20549,FALSE,69474476
ptbr_1645,1330,FALSE,186,FALSE,82669000
ptbr_509,1952,FALSE,1713,FALSE,44119135
ptbr_440,653,TRUE,51117,FALSE,143090621
ptbr_424,2297,FALSE,432752,TRUE,31712160
ptbr_211,1042,FALSE,15297,FALSE,108585432
ptbr_1487,1547,FALSE,1344,FALSE,65850561
ptbr_964,1191,FALSE,3349,FALSE,95631323
ptbr_1517,1093,TRUE,132672,TRUE,104409254
ptbr_962,3524,FALSE,23676,FALSE,4122584
ptbr_685,412,FALSE,3821,FALSE,171255246
ptbr_1882,769,FALSE,3944,FALSE,133873587
ptbr_162,1617,FALSE,89336,FALSE,62337392
ptbr_763,760,TRUE,7016,FALSE,134571619
ptbr_667,1264,FALSE,477,FALSE,88888752
ptbr_493,1536,FALSE,1754,FALSE,67552297
ptbr_1749,1794,FALSE,49925,FALSE,51461787
ptbr_1545,638,TRUE,16588,FALSE,144087595
ptbr_1814,857,TRUE,613,FALSE,124120869
ptbr_525,476,FALSE,6328,FALSE,161301628
ptbr_1614,602,TRUE,3577,FALSE,147496324
ptbr_1737,1522,FALSE,15378,FALSE,68828805
ptbr_1022,286,FALSE,1887,FALSE,187971687
ptbr_27,1985,FALSE,26684,FALSE,43262007
ptbr_305,2225,FALSE,14861110,TRUE,36024998
ptbr_163,1260,FALSE,169643,TRUE,89919857
ptbr_1375,832,FALSE,2411,FALSE,128355245
ptbr_1112,2163,FALSE,5133,FALSE,37173579
ptbr_1686,345,FALSE,611,FALSE,173313285
ptbr_1111,534,TRUE,37886,FALSE,154647903
ptbr_66,254,FALSE,1048,FALSE,194076807
ptbr_67,1660,TRUE,6905465,TRUE,59715723
ptbr_1048,3541,TRUE,2987,FALSE,3872935
ptbr_1323,1444,TRUE,1213,FALSE,73988927
ptbr_244,1784,TRUE,148769,FALSE,52032945
ptbr_1376,2281,FALSE,7378378,TRUE,32115632
ptbr_543,1291,TRUE,14309,FALSE,87016606
ptbr_1850,1579,FALSE,30480,FALSE,63846076
ptbr_767,1330,FALSE,76102,FALSE,83261036
ptbr_1875,1779,FALSE,1393,FALSE,47176440
ptbr_1270,2004,FALSE,12721,FALSE,42515146
ptbr_392,1216,TRUE,1351,FALSE,93250396
ptbr_739,3141,FALSE,216,FALSE,10786358
ptbr_807,1789,FALSE,13714,TRUE,51754692
ptbr_1672,1665,FALSE,459,FALSE,58641920
ptbr_1161,430,FALSE,101387,FALSE,168855992
ptbr_782,1742,TRUE,1012,FALSE,54404749
ptbr_522,1526,FALSE,2859,FALSE,68281465
ptbr_1880,1896,TRUE,9127,FALSE,47074631
ptbr_430,1920,FALSE,4187,FALSE,45745070
ptbr_1531,1983,FALSE,427,FALSE,43332431
ptbr_1646,1507,FALSE,3131,FALSE,70046284
ptbr_304,2241,TRUE,21750,FALSE,32928420
ptbr_796,551,FALSE,1897,FALSE,152852145
ptbr_740,1108,FALSE,521,FALSE,101152311
ptbr_370,907,FALSE,13510,FALSE,121805598
ptbr_1893,1001,FALSE,7914,FALSE,112590794
ptbr_101,1176,TRUE,33668,FALSE,97026266
ptbr_144,2171,FALSE,1216935,TRUE,36760972
ptbr_1704,961,TRUE,13193,FALSE,116891195
ptbr_1300,547,FALSE,773,FALSE,152288016
ptbr_953,1624,FALSE,3048,FALSE,61941704
ptbr_1387,1271,FALSE,365845,FALSE,89058243
ptbr_442,1883,FALSE,1136,FALSE,47692619
ptbr_1453,2273,FALSE,2519,FALSE,32250950
ptbr_912,1306,FALSE,84085,FALSE,85399071
ptbr_597,934,TRUE,36139,FALSE,119432468
ptbr_1003,2114,FALSE,454,FALSE,38185020
ptbr_578,1937,FALSE,3189,FALSE,45126887
ptbr_18,1657,FALSE,1959,FALSE,59863075
ptbr_611,1964,TRUE,6406,FALSE,43898163
ptbr_1596,155,TRUE,2730,FALSE,221142371
ptbr_1651,459,TRUE,14198,FALSE,163126737
ptbr_247,791,TRUE,13586,FALSE,132035115
ptbr_929,833,FALSE,3681,FALSE,128186272
ptbr_1058,1246,FALSE,7910,FALSE,90908877
ptbr_448,403,TRUE,42082,FALSE,172934096
ptbr_1206,263,FALSE,2695,FALSE,192215591
ptbr_936,214,FALSE,1176,FALSE,203540393
ptbr_1750,2398,FALSE,12556,FALSE,29122204
ptbr_1177,2264,FALSE,22237,FALSE,32550540
ptbr_537,1667,FALSE,229,FALSE,59184277
ptbr_331,1718,TRUE,914,FALSE,55542500
ptbr_1399,1718,FALSE,810,FALSE,55698595
ptbr_585,3047,FALSE,7963,FALSE,13010170
ptbr_1005,1216,TRUE,134124,TRUE,93538696
ptbr_619,241,FALSE,10903,FALSE,196265281
ptbr_1133,1668,FALSE,760,FALSE,59193720
ptbr_353,744,TRUE,38151,FALSE,135529231
ptbr_1635,539,FALSE,1226,FALSE,153771452
ptbr_1252,1097,FALSE,2693,FALSE,104172194
ptbr_1421,2164,FALSE,44631,FALSE,37497857
ptbr_1046,1816,FALSE,2766,FALSE,50096290
ptbr_1641,1097,TRUE,20338,FALSE,104184899
ptbr_330,1486,FALSE,4585,FALSE,71385826
ptbr_146,1476,FALSE,2427,FALSE,71962955
ptbr_626,463,TRUE,5618,FALSE,163153235
ptbr_9,731,TRUE,8020,FALSE,136810509
ptbr_1095,404,TRUE,911,FALSE,171841837
ptbr_1229,1161,TRUE,11451,FALSE,98601563
ptbr_1563,1119,TRUE,2356,FALSE,102554915
ptbr_1024,1090,FALSE,315,FALSE,102357104
ptbr_1784,1599,FALSE,9706,FALSE,62729963
ptbr_54,1988,TRUE,10984,FALSE,43135074
ptbr_111,1241,FALSE,2872,FALSE,91418864
ptbr_1855,1781,FALSE,38543,FALSE,52203384
ptbr_995,517,FALSE,6303,FALSE,156588072
ptbr_855,1520,TRUE,2695,FALSE,68618010
ptbr_1040,1667,FALSE,5339,FALSE,57878679
ptbr_648,998,TRUE,13644,FALSE,113104255
ptbr_1876,2247,TRUE,3176,FALSE,34103195
ptbr_1538,2361,FALSE,7829,FALSE,29932785
ptbr_605,1634,FALSE,123383,FALSE,61375784
ptbr_752,2000,TRUE,412,FALSE,42710611
ptbr_1100,1685,TRUE,5196,FALSE,58054964
ptbr_1860,569,FALSE,12315,FALSE,151154560
ptbr_64,448,FALSE,101828,TRUE,166019196
ptbr_1722,2002,FALSE,4659,FALSE,42561125
ptbr_21,1451,TRUE,8728,FALSE,73351206
ptbr_1329,587,FALSE,17467,FALSE,149453643
ptbr_1745,445,FALSE,1073,FALSE,165133970
ptbr_966,2441,FALSE,7821,FALSE,28010462
ptbr_254,2085,TRUE,15364,FALSE,39651423
ptbr_138,1339,TRUE,22778,FALSE,82348767
ptbr_521,1202,TRUE,340,FALSE,92120180
ptbr_1265,1599,FALSE,183699,FALSE,63228604
ptbr_378,2022,FALSE,1364,FALSE,41026374
ptbr_1599,455,FALSE,20431,FALSE,164640196
ptbr_212,2157,TRUE,451410,TRUE,37705807
ptbr_1607,2458,FALSE,5332,FALSE,27438453
ptbr_194,663,TRUE,1873,FALSE,141693367
ptbr_1759,2750,FALSE,1362,FALSE,21416232
ptbr_1386,2038,TRUE,800768,TRUE,41323680
ptbr_451,817,FALSE,248,FALSE,128668633
ptbr_368,943,TRUE,13810,FALSE,118244152
ptbr_1845,2804,TRUE,193193,FALSE,20242278
ptbr_1010,218,FALSE,847,FALSE,198473803
ptbr_1744,954,TRUE,2275,FALSE,117554833
ptbr_1604,835,TRUE,5573,FALSE,127851887
ptbr_1218,1005,TRUE,540,FALSE,49826374
ptbr_1430,926,FALSE,8210,FALSE,120377274
ptbr_590,1940,FALSE,38713,FALSE,44995846
ptbr_208,2181,FALSE,7044,FALSE,36893139
ptbr_1470,488,TRUE,13556,FALSE,159847611
ptbr_695,269,FALSE,487,FALSE,185479419
ptbr_1096,1073,FALSE,29475,FALSE,106121519
ptbr_1762,2009,TRUE,192988,FALSE,42348215
ptbr_391,1271,TRUE,81359,FALSE,89041039
ptbr_900,1509,FALSE,434470,FALSE,69691707
ptbr_112,3027,TRUE,2434,FALSE,13365493
ptbr_486,794,FALSE,963,FALSE,125137947
ptbr_1740,968,FALSE,9775,FALSE,116027020
ptbr_1027,2020,TRUE,665,FALSE,40810615
ptbr_439,1051,TRUE,57266,TRUE,107812821
ptbr_1630,1580,TRUE,32842,FALSE,64433578
ptbr_71,825,FALSE,4428,FALSE,128692372
ptbr_243,2094,FALSE,4290,FALSE,39400880
ptbr_1696,1630,FALSE,779,FALSE,59506222
ptbr_339,752,TRUE,22050,FALSE,135099128
ptbr_1702,1745,TRUE,1372,FALSE,54238777
ptbr_741,409,FALSE,116,FALSE,164742713
ptbr_601,951,TRUE,114507,FALSE,117671197
ptbr_836,1198,FALSE,38244,FALSE,94959349
ptbr_958,735,FALSE,11360,FALSE,136436471
ptbr_289,2684,TRUE,16419,FALSE,22827655
ptbr_26,434,FALSE,195379,TRUE,168058934
ptbr_842,390,TRUE,13999,FALSE,174499585
ptbr_453,558,TRUE,4530,FALSE,152134619
ptbr_708,1175,FALSE,17778,FALSE,97142273
ptbr_1083,1601,FALSE,3006,FALSE,62855440
ptbr_914,737,TRUE,2210,FALSE,135718784
ptbr_589,1324,TRUE,16907,FALSE,83421398
ptbr_876,297,FALSE,1399,FALSE,185476921
ptbr_1524,1858,TRUE,268840,TRUE,48764758
ptbr_997,590,FALSE,19426,FALSE,149157933
ptbr_1584,1522,TRUE,2145,FALSE,68795724
ptbr_98,1608,FALSE,230299,FALSE,62772720
ptbr_1280,1039,TRUE,1656587,TRUE,109038301
ptbr_1036,2792,FALSE,4320387,TRUE,20572303
ptbr_1767,1876,TRUE,37678,FALSE,47955648
ptbr_1542,626,TRUE,1159,FALSE,145861886
ptbr_559,1360,TRUE,14483,FALSE,80438460
ptbr_1079,811,FALSE,10095,FALSE,130291976
ptbr_542,1715,FALSE,159,FALSE,55496218
ptbr_423,963,TRUE,16771,FALSE,116695967
ptbr_336,871,FALSE,1693,FALSE,124910959
ptbr_325,349,TRUE,10723,FALSE,179466967
ptbr_636,1890,TRUE,1681,FALSE,47179108
ptbr_399,475,FALSE,80048,FALSE,161354611
ptbr_1232,3250,FALSE,613103,TRUE,9181799
ptbr_1043,2279,FALSE,64003,TRUE,32143515
ptbr_224,1968,TRUE,8806,FALSE,43762164
ptbr_968,2029,FALSE,3096,FALSE,41646050
ptbr_1534,682,FALSE,487,FALSE,140389609
ptbr_1514,929,TRUE,1613,FALSE,118164666
ptbr_928,1127,FALSE,2485038,TRUE,101926815
ptbr_1401,1129,TRUE,11512,FALSE,101789443
ptbr_1258,378,FALSE,171270,TRUE,175835821
ptbr_6,532,TRUE,31551,FALSE,154877961
ptbr_376,1425,TRUE,86054,FALSE,75237515
ptbr_1873,2606,FALSE,3679,FALSE,23961491
ptbr_806,1453,FALSE,3575365,TRUE,73455299
ptbr_1134,1170,FALSE,9236,FALSE,97521226
ptbr_1349,548,TRUE,5508,FALSE,153164666
ptbr_261,2239,TRUE,55815,FALSE,35693133
ptbr_197,1368,FALSE,205261,FALSE,79729084
ptbr_1586,2233,TRUE,69584,FALSE,35790162
ptbr_191,218,FALSE,5522,FALSE,202105266
ptbr_1156,1129,FALSE,585,FALSE,96004524
ptbr_321,1443,FALSE,6918,FALSE,74035913
ptbr_768,575,FALSE,869,FALSE,150177333
ptbr_1149,1805,TRUE,2599,FALSE,51005853
ptbr_1235,1164,FALSE,740,FALSE,97815159
ptbr_498,626,TRUE,1498,FALSE,145056831
ptbr_468,415,FALSE,16934,FALSE,170836977
ptbr_285,2181,TRUE,77846,FALSE,37073536
ptbr_750,1640,FALSE,4224,FALSE,60502967
ptbr_1004,403,FALSE,2426,FALSE,172468287
ptbr_780,1927,FALSE,12542,FALSE,45426310
ptbr_78,1500,TRUE,28789,FALSE,70525088
ptbr_477,1921,TRUE,16284,FALSE,45837892
ptbr_116,1228,FALSE,1642544,TRUE,92520703
ptbr_1684,1234,FALSE,124,FALSE,89988634
ptbr_1495,262,FALSE,499,FALSE,191249555
ptbr_837,251,FALSE,1364,FALSE,193308409
ptbr_1181,457,FALSE,273,FALSE,163190862
ptbr_1890,1328,FALSE,5264,FALSE,83419077
ptbr_49,392,TRUE,3587,FALSE,172544091
ptbr_637,1575,TRUE,336608,TRUE,64697702
ptbr_95,1650,FALSE,47422,TRUE,60164130
ptbr_303,193,FALSE,5386,FALSE,210986330
ptbr_1895,462,FALSE,402,FALSE,155400107
ptbr_1309,489,FALSE,824,FALSE,159439649
ptbr_196,570,FALSE,9484,FALSE,151127455
ptbr_1811,1508,TRUE,113191,FALSE,69979937
ptbr_531,1695,FALSE,756,FALSE,57287817
ptbr_555,1361,TRUE,3477,FALSE,79975608
ptbr_1113,1849,TRUE,1585,FALSE,49072463
ptbr_735,1891,FALSE,1568,FALSE,46970416
ptbr_1691,354,FALSE,3689,FALSE,178929191
ptbr_314,455,FALSE,4208,FALSE,160445113
ptbr_210,980,FALSE,897,FALSE,114819543
ptbr_1297,2215,FALSE,7724802,TRUE,36264712
ptbr_55,2705,FALSE,331220,TRUE,22458471
ptbr_133,1682,FALSE,6402,FALSE,58237229
ptbr_1106,342,TRUE,12664,FALSE,180500799
ptbr_1132,1179,TRUE,104477,TRUE,96741097
ptbr_1615,1127,TRUE,2369,FALSE,101936524
ptbr_829,597,FALSE,1210,FALSE,148014829
ptbr_1087,1697,FALSE,401,FALSE,56101151
ptbr_1365,1285,FALSE,2442,FALSE,87608219
ptbr_528,630,TRUE,23437,FALSE,145302661
ptbr_682,2336,FALSE,7163779,TRUE,30672329
ptbr_164,2095,FALSE,661,FALSE,39108980
ptbr_1713,874,TRUE,3786,FALSE,124747345
ptbr_1573,3343,TRUE,1395,FALSE,7793974
ptbr_1076,1021,FALSE,6012,FALSE,110217475
ptbr_1247,1096,FALSE,1450,FALSE,103381655
ptbr_558,1012,FALSE,1432,FALSE,111666363
ptbr_103,2454,FALSE,40456102,TRUE,27680990
ptbr_438,983,FALSE,815,FALSE,114090937
ptbr_1347,2321,FALSE,7025,FALSE,31000876
ptbr_402,1672,TRUE,145633,FALSE,58930039
ptbr_1544,811,TRUE,28,FALSE,123882753
ptbr_639,728,FALSE,3455,FALSE,136988012
ptbr_1610,1817,FALSE,2979,FALSE,50412921
ptbr_437,634,TRUE,4666,FALSE,144950199
ptbr_545,659,FALSE,5334,FALSE,142443681
ptbr_656,2001,FALSE,1621644,TRUE,42648984
ptbr_1482,1066,FALSE,942,FALSE,106355832
ptbr_338,1295,TRUE,11209,FALSE,86606583
ptbr_222,926,FALSE,7418,FALSE,120246770
ptbr_253,2166,FALSE,2704,FALSE,37462585
ptbr_1269,716,TRUE,9865,FALSE,138001097
ptbr_710,1596,FALSE,876,FALSE,38245892
ptbr_1494,2026,TRUE,4534,FALSE,40750226
ptbr_992,1394,FALSE,2717,FALSE,77305890
ptbr_908,606,TRUE,20842,FALSE,147670675
ptbr_1131,2078,TRUE,293218,TRUE,39975286
ptbr_803,970,FALSE,5564,FALSE,115959487
ptbr_218,502,FALSE,1018,FALSE,158228971
ptbr_1055,688,TRUE,1742,FALSE,140159167
ptbr_1011,2476,FALSE,2504,FALSE,26454094
ptbr_1339,1230,FALSE,451,FALSE,90655589
ptbr_306,2219,FALSE,6598843,TRUE,36160171
ptbr_223,1511,FALSE,2786,FALSE,69251571
ptbr_447,492,FALSE,1261,FALSE,159237071
ptbr_1473,470,TRUE,16732,FALSE,162049212
ptbr_905,2231,FALSE,174686,TRUE,35915632
ptbr_239,1917,FALSE,2940,FALSE,45028330
ptbr_1284,1540,FALSE,210,FALSE,65211109
ptbr_1445,1490,FALSE,1884,FALSE,68254771
ptbr_1786,741,FALSE,20300,FALSE,135937778
ptbr_1044,424,FALSE,4816,FALSE,169908381
ptbr_566,1635,TRUE,614,FALSE,61350775
ptbr_814,2055,FALSE,536548,TRUE,40748754
ptbr_171,449,FALSE,3760,FALSE,165843333
ptbr_334,1137,FALSE,625,FALSE,97932012
ptbr_1838,1939,TRUE,4163,FALSE,43298651
ptbr_136,413,FALSE,1482,FALSE,167551287
ptbr_1747,1714,FALSE,6968,FALSE,55783064
ptbr_860,754,FALSE,1837,FALSE,133053403
ptbr_1848,410,FALSE,9043,FALSE,171618154
ptbr_922,302,FALSE,5670,FALSE,185808784
ptbr_1412,2079,TRUE,31130,FALSE,39918568
ptbr_516,581,FALSE,719,FALSE,149599339
ptbr_1617,409,FALSE,7389,FALSE,172027283
ptbr_1636,1224,FALSE,1997,FALSE,92323261
ptbr_1666,1721,TRUE,1671386,TRUE,55565489
ptbr_1654,1998,FALSE,1276,FALSE,42675672
ptbr_1555,1950,TRUE,1426256,TRUE,44600592
ptbr_1600,1778,FALSE,52049,TRUE,52376807
ptbr_1799,2591,FALSE,15660,FALSE,24661577
ptbr_1476,2195,FALSE,18475754,TRUE,36772976
ptbr_946,1130,FALSE,100489,TRUE,101771196
ptbr_1425,677,FALSE,503,FALSE,140164103
ptbr_346,1214,FALSE,19553,FALSE,93725446
ptbr_738,2554,TRUE,153872,FALSE,25478709
ptbr_1200,359,FALSE,29075,FALSE,178226948
ptbr_1123,1302,TRUE,1202,FALSE,85694822
ptbr_790,2266,TRUE,3708,FALSE,32425639
ptbr_1533,2290,FALSE,1357473,TRUE,31882470
ptbr_221,916,FALSE,2698,FALSE,121274864
ptbr_1090,2010,TRUE,25578,FALSE,42350999
ptbr_1025,459,TRUE,10794,FALSE,163870833
ptbr_1409,2719,FALSE,22914,FALSE,21711840
ptbr_446,1206,FALSE,210397,TRUE,94381006
ptbr_1867,2259,FALSE,2220778,TRUE,32714634
ptbr_1556,2075,FALSE,14701,FALSE,39584984
ptbr_332,1212,FALSE,72065,TRUE,93864677
ptbr_899,1116,FALSE,672045,TRUE,102786914
ptbr_32,3409,FALSE,441,FALSE,6705218
ptbr_1907,1048,FALSE,4057,FALSE,108356444
ptbr_108,386,FALSE,2050,FALSE,174719211
ptbr_1041,318,TRUE,12543,FALSE,183580825
ptbr_172,160,FALSE,328,FALSE,218685832
ptbr_383,622,FALSE,15990,FALSE,146195279
ptbr_1769,458,FALSE,2279,FALSE,163765960
ptbr_1332,421,TRUE,4277,FALSE,170294097
ptbr_1388,1495,FALSE,150184,TRUE,70798276
ptbr_1294,1166,FALSE,802,FALSE,96390955
ptbr_950,2116,FALSE,2450,FALSE,38762436
ptbr_406,2164,TRUE,27179,FALSE,37528446
ptbr_1128,1596,TRUE,4848,FALSE,63072622
ptbr_1658,2276,FALSE,2121,FALSE,31825379
ptbr_1560,1056,FALSE,2258,FALSE,107642142
ptbr_1499,1849,FALSE,1660562,FALSE,49024261
ptbr_1681,1156,TRUE,16934,FALSE,99157461
ptbr_512,2555,FALSE,1727,FALSE,25363557
ptbr_333,2337,FALSE,75993,FALSE,30638826
ptbr_629,1200,FALSE,22787,FALSE,94851300
ptbr_341,1338,FALSE,1101798,TRUE,82473723
ptbr_1486,1364,TRUE,4873121,TRUE,80084096
ptbr_1541,1505,FALSE,494688,TRUE,70187544
ptbr_1751,2120,FALSE,3198,FALSE,32358047
ptbr_37,2433,FALSE,625,FALSE,28205128
ptbr_126,1793,FALSE,539,FALSE,51225989
ptbr_1355,217,FALSE,2934,FALSE,204041094
ptbr_892,790,FALSE,13046,FALSE,132118354
ptbr_1547,240,FALSE,703,FALSE,182471894
ptbr_458,205,FALSE,4907,FALSE,207174480
ptbr_1158,309,FALSE,1622,FALSE,184699312
ptbr_349,904,FALSE,176685,FALSE,122327818
ptbr_1084,1245,FALSE,2816,FALSE,88971545
ptbr_659,1317,FALSE,1616693,TRUE,84391327
ptbr_1665,587,TRUE,34166,FALSE,149450231
ptbr_588,759,FALSE,1532,FALSE,134608131
ptbr_198,648,TRUE,11789,FALSE,143585725
ptbr_901,1152,FALSE,1569,FALSE,99325799
ptbr_1110,1113,FALSE,1233,FALSE,64424265
ptbr_1283,1693,FALSE,3353,FALSE,55286499
ptbr_484,2376,FALSE,6097,FALSE,29615128
ptbr_355,2609,FALSE,52842,FALSE,24265490
ptbr_971,1207,FALSE,616,FALSE,93956072
ptbr_644,1088,FALSE,1657,FALSE,104752503
ptbr_1262,3423,FALSE,14195,FALSE,6548150
ptbr_1512,1265,FALSE,125,FALSE,86678711
ptbr_1436,1690,TRUE,165034,TRUE,57700322
ptbr_117,773,TRUE,10844,FALSE,133536470
ptbr_1207,653,FALSE,1388,FALSE,142797352
ptbr_961,1602,FALSE,21585,FALSE,63042553
ptbr_1281,1403,TRUE,1455,FALSE,75836127
ptbr_1222,2502,FALSE,3432,FALSE,25926225
ptbr_887,751,TRUE,560606,FALSE,135104605
ptbr_772,979,TRUE,4193,FALSE,114759284
ptbr_1642,914,TRUE,13031,FALSE,121490883
ptbr_1781,700,TRUE,5706,FALSE,139279654
ptbr_60,2450,FALSE,28144,FALSE,27787374
ptbr_586,2332,FALSE,3470,FALSE,30487807
ptbr_643,1699,FALSE,3006,FALSE,56923509
ptbr_1792,2098,FALSE,14222,FALSE,39292668
ptbr_193,521,TRUE,3693,FALSE,156385717
ptbr_1205,733,TRUE,68693,FALSE,136469029
ptbr_505,2332,TRUE,1334,FALSE,30143576
ptbr_1478,285,FALSE,1469,FALSE,187912072
ptbr_1314,1373,FALSE,10247,FALSE,79256368
ptbr_1647,1863,TRUE,1403571,TRUE,48586188
ptbr_539,1781,TRUE,218008,TRUE,52221079
ptbr_1293,269,FALSE,3249,FALSE,191032448
ptbr_926,969,TRUE,18543,FALSE,116055387
ptbr_984,1366,TRUE,66632,TRUE,79890440
ptbr_1870,893,TRUE,18260,FALSE,123330541
ptbr_316,476,TRUE,8448,FALSE,160019132
ptbr_698,607,FALSE,1445603,TRUE,147564009
ptbr_179,715,FALSE,37212,FALSE,138027417
ptbr_759,628,FALSE,7700,FALSE,145312698
ptbr_1578,2031,TRUE,6482,FALSE,41459009
ptbr_259,1417,FALSE,2117,FALSE,75481673
ptbr_345,1661,TRUE,6938,FALSE,59704107
ptbr_602,655,FALSE,3169,FALSE,142820639
ptbr_189,1872,FALSE,1201,FALSE,47292847
ptbr_941,285,FALSE,13346,FALSE,188131250
ptbr_1836,529,TRUE,2450,FALSE,155328344
ptbr_320,680,FALSE,544,FALSE,103910659
ptbr_1818,2179,TRUE,19414,FALSE,37134127
ptbr_554,1522,FALSE,299572,TRUE,68760758
ptbr_1050,1579,TRUE,7135,FALSE,64510125
ptbr_518,1031,FALSE,12472,FALSE,108913775
ptbr_1782,324,FALSE,1119100,TRUE,182813308
ptbr_377,1552,FALSE,5527,FALSE,66147140
ptbr_645,743,TRUE,10333,FALSE,135542137
ptbr_1721,2241,FALSE,11186291,TRUE,35647075
ptbr_1676,381,TRUE,2989,FALSE,174837256
ptbr_1267,1847,TRUE,15855,FALSE,49134271
ptbr_256,419,TRUE,893,FALSE,170544195
ptbr_1593,1555,FALSE,3094236,TRUE,66026844
ptbr_1196,1679,FALSE,4024733,TRUE,58393005
ptbr_672,926,FALSE,716,FALSE,120260022
ptbr_1172,1495,FALSE,1332,FALSE,65272275
ptbr_342,1738,FALSE,762060,TRUE,54633213
ptbr_1408,1390,TRUE,113484,TRUE,77421535
ptbr_751,1691,TRUE,2895472,TRUE,57656911
ptbr_1543,1895,TRUE,1395081,TRUE,47125717
ptbr_1305,1788,FALSE,2646,FALSE,46803418
ptbr_1391,222,FALSE,3600,FALSE,199310280
ptbr_712,1313,FALSE,6388,FALSE,84772361
ptbr_1911,1878,TRUE,8599,FALSE,47886332
ptbr_1328,1656,TRUE,353037,TRUE,59972426
ptbr_834,921,FALSE,13,FALSE,102803187
ptbr_227,1368,TRUE,32627,FALSE,79135224
ptbr_1099,507,TRUE,42497,FALSE,157751602
ptbr_1634,1068,TRUE,11487,FALSE,106646969
ptbr_219,2477,FALSE,955,FALSE,27025900
ptbr_362,1118,FALSE,4717,FALSE,102572833
ptbr_595,1757,FALSE,416,FALSE,53376274
ptbr_1608,1525,TRUE,2271870,TRUE,68550007
ptbr_262,404,TRUE,623,FALSE,171946576
ptbr_1832,349,FALSE,1211,FALSE,176938831
ptbr_608,650,TRUE,3504,FALSE,143381806
ptbr_1775,1663,TRUE,39340,FALSE,59088602
ptbr_29,779,TRUE,44342,FALSE,132997179
ptbr_77,511,FALSE,11177,FALSE,157319323
ptbr_711,2246,FALSE,10220,FALSE,35059288
ptbr_122,3369,FALSE,538484,TRUE,7315727
ptbr_1460,392,FALSE,8660,FALSE,174304337
ptbr_511,1207,FALSE,73654,TRUE,94267579
ptbr_872,1853,FALSE,34428,FALSE,48944949
ptbr_1350,1364,FALSE,516204,TRUE,80105412
ptbr_974,1445,FALSE,2581,FALSE,73253202
ptbr_848,1933,FALSE,92530,FALSE,45258506
ptbr_1275,2079,FALSE,1187,FALSE,39730296
ptbr_1416,2470,TRUE,1693190,TRUE,27286513
ptbr_1724,1494,TRUE,6641,FALSE,70844010
ptbr_1142,1919,FALSE,5691433,TRUE,45902231
ptbr_43,925,TRUE,6014,FALSE,120483921
ptbr_420,634,FALSE,203,FALSE,144589722
ptbr_1227,2398,FALSE,1390,FALSE,27535961
ptbr_1865,827,FALSE,850,FALSE,128180104
ptbr_1393,745,FALSE,284,FALSE,134425547
ptbr_1316,1235,FALSE,117062,FALSE,92007221
ptbr_1568,1854,FALSE,483,FALSE,40787246
ptbr_1118,2769,FALSE,2650,FALSE,20576607
ptbr_1214,829,TRUE,19094,FALSE,128698940
ptbr_1810,1206,FALSE,6640,FALSE,94320651
ptbr_1733,1217,TRUE,229110,TRUE,93384318
ptbr_1842,1770,TRUE,2751,FALSE,52161604
ptbr_205,258,FALSE,29515,FALSE,193257936
ptbr_519,673,FALSE,1596,FALSE,139650160
ptbr_991,722,FALSE,1039,FALSE,137295902
ptbr_1186,968,FALSE,6863,FALSE,116087287
ptbr_1659,1085,FALSE,4518,FALSE,104959460
ptbr_464,285,TRUE,2622,FALSE,188044269
ptbr_1475,1231,FALSE,1285,FALSE,92273157
ptbr_1449,2014,FALSE,1932,FALSE,41757759
ptbr_270,671,FALSE,7883,FALSE,141665040
ptbr_1511,1561,TRUE,519452,TRUE,65522870
ptbr_229,953,FALSE,1415,FALSE,116273666
ptbr_1519,1631,FALSE,8453,FALSE,61562050
ptbr_513,671,TRUE,35476,FALSE,141626897
ptbr_846,1396,FALSE,2070,FALSE,77326087
ptbr_86,2248,FALSE,108200,FALSE,34844857
ptbr_396,608,FALSE,489,FALSE,143745891
ptbr_188,2000,TRUE,10455,FALSE,42693037
ptbr_1717,613,FALSE,1484,FALSE,146805263
ptbr_544,224,TRUE,9663,FALSE,200963232
ptbr_1277,316,FALSE,29930,FALSE,183855828
ptbr_118,295,FALSE,381,FALSE,185864454
ptbr_831,692,FALSE,794,FALSE,139527805
ptbr_1620,666,FALSE,392,FALSE,142048663
ptbr_1592,569,TRUE,10250,FALSE,151067995
ptbr_1346,1809,FALSE,13606,FALSE,50804542
ptbr_1383,1039,FALSE,243841,TRUE,108993468
ptbr_1455,2533,FALSE,4727,FALSE,25918538
ptbr_930,2103,FALSE,1600,FALSE,37681057
ptbr_1066,1745,TRUE,9459,FALSE,54212837
ptbr_132,522,FALSE,2173,FALSE,155894058
ptbr_110,1661,TRUE,10016,FALSE,59468498
ptbr_1667,2159,TRUE,12041,FALSE,37657855
ptbr_510,739,FALSE,4430,FALSE,136180832
ptbr_165,1375,TRUE,15007,FALSE,79040885
ptbr_1824,583,FALSE,59673,FALSE,149764746
ptbr_390,924,FALSE,4260,FALSE,119665497
ptbr_957,599,FALSE,59396,FALSE,148314061
ptbr_1179,1657,TRUE,4077587,TRUE,59947495
ptbr_269,932,FALSE,425,FALSE,119501406
ptbr_1639,730,FALSE,12840,FALSE,136932800
ptbr_1823,965,TRUE,789,FALSE,115765050
ptbr_797,747,FALSE,1369,FALSE,135325362
ptbr_425,1106,TRUE,1988,FALSE,103519137
ptbr_1220,506,FALSE,3273,FALSE,157841998
ptbr_1559,1525,FALSE,309,FALSE,63769135
ptbr_403,2154,TRUE,48116,FALSE,37782392
ptbr_1085,1383,TRUE,16732,FALSE,78252314
ptbr_190,1018,FALSE,4507,FALSE,110883248
ptbr_1883,1579,TRUE,60324,FALSE,64462773
ptbr_369,963,TRUE,2091240,TRUE,116642617
ptbr_1467,1021,TRUE,53655,FALSE,110496863
ptbr_184,702,TRUE,1755,FALSE,138506665
ptbr_1790,285,FALSE,8317,FALSE,188130601
ptbr_20,2484,TRUE,3483,FALSE,26677254
ptbr_1447,1688,TRUE,14346,FALSE,57857887
ptbr_143,2160,FALSE,15951,FALSE,37630280
ptbr_1726,1123,FALSE,2464970,TRUE,102293102
ptbr_665,775,FALSE,9439,FALSE,132687277
ptbr_983,1781,FALSE,4091,FALSE,50571271
ptbr_1862,684,FALSE,550,FALSE,137510789
ptbr_1114,671,FALSE,4126,FALSE,141613395
ptbr_1377,931,FALSE,830,FALSE,118766515
ptbr_1067,1279,TRUE,2826,FALSE,86055146
ptbr_1489,1145,TRUE,5241,FALSE,100427855
ptbr_663,871,TRUE,5080,FALSE,124679595
ptbr_798,1580,TRUE,346578,TRUE,64390837
ptbr_1415,1163,TRUE,7528,FALSE,98388976
ptbr_1820,939,TRUE,6654,FALSE,110567220
ptbr_1382,883,FALSE,3464,FALSE,124070842
ptbr_754,1427,FALSE,5547,FALSE,75200086
ptbr_1313,1487,TRUE,78938,FALSE,71338791
ptbr_1768,370,FALSE,2890,FALSE,176688834
ptbr_286,241,TRUE,6054,FALSE,195297921
ptbr_733,646,FALSE,1956,FALSE,143058478
ptbr_407,2283,FALSE,57330,FALSE,32071829
ptbr_395,2096,TRUE,150589,TRUE,39334752
ptbr_1176,872,FALSE,94,FALSE,124058080
ptbr_1521,2211,FALSE,330,FALSE,33438924
ptbr_1857,1828,FALSE,1511,FALSE,49923288
ptbr_1564,1186,TRUE,939,FALSE,95489316
ptbr_878,2289,FALSE,1199020,TRUE,31902687
ptbr_1368,621,FALSE,82396,FALSE,145525232
ptbr_873,628,FALSE,11428,FALSE,145618742
ptbr_1479,2430,FALSE,22229,FALSE,27049075
ptbr_717,1605,TRUE,376263,TRUE,62916113
ptbr_497,1138,TRUE,1295,FALSE,101078074
ptbr_548,2957,FALSE,3342,FALSE,15357095
ptbr_1603,757,TRUE,381160,TRUE,134581614
ptbr_1765,1600,FALSE,18860,FALSE,63147295
ptbr_603,622,TRUE,4483,FALSE,146306337
ptbr_23,2341,FALSE,4247,FALSE,30425129
ptbr_1038,687,TRUE,1360,FALSE,140101778
ptbr_236,1541,TRUE,3368,FALSE,66953744
ptbr_1760,308,FALSE,3835,FALSE,184753406
ptbr_990,1001,FALSE,831,FALSE,112597016
ptbr_972,1367,FALSE,4649,FALSE,32745449
ptbr_1612,1212,FALSE,143991,TRUE,93863297
ptbr_859,2470,FALSE,4821,FALSE,27288269
ptbr_1716,637,FALSE,898,FALSE,139603543
ptbr_1668,2144,FALSE,2701,FALSE,37719548
ptbr_1026,645,FALSE,8798,FALSE,142821492
ptbr_815,863,FALSE,28688,FALSE,125544147
ptbr_34,719,FALSE,6126,FALSE,137699397
ptbr_63,1592,TRUE,39231,FALSE,63606906
ptbr_1175,355,TRUE,43750,FALSE,178792927
ptbr_553,1479,FALSE,15437,FALSE,71820468
ptbr_282,614,TRUE,14925,FALSE,146961018
ptbr_1901,1235,FALSE,140,FALSE,90124248
ptbr_1806,339,TRUE,13634,FALSE,180768193
ptbr_684,289,FALSE,9655,FALSE,187607970
ptbr_1107,1502,FALSE,6478,FALSE,70359361
ptbr_774,2439,FALSE,1227,FALSE,28001910
ptbr_1174,1603,TRUE,3898,FALSE,62671322
ptbr_200,750,FALSE,882,FALSE,133161411
ptbr_861,2685,FALSE,46538,FALSE,22796068
ptbr_1122,1992,FALSE,8310,FALSE,42166629
ptbr_1226,1665,TRUE,89302,TRUE,59365976
ptbr_744,2119,TRUE,10326,FALSE,38676033
ptbr_1699,1761,FALSE,261830,TRUE,53329459
ptbr_1032,1757,FALSE,3193,FALSE,53044929
ptbr_1080,1870,FALSE,1823,FALSE,47274250
ptbr_411,466,TRUE,11878,FALSE,161899399
ptbr_1587,1266,FALSE,1634,FALSE,89423075
ptbr_1139,1930,TRUE,3900,FALSE,45357448
ptbr_461,1846,FALSE,1602,FALSE,49030120
ptbr_374,1153,FALSE,1887,FALSE,99384800
ptbr_1655,2062,FALSE,3916,FALSE,40299997
ptbr_1320,2490,FALSE,40659090,TRUE,26857029
ptbr_1182,1611,TRUE,87,FALSE,62589422
ptbr_1764,695,TRUE,21574,FALSE,139660986
ptbr_1558,2050,FALSE,3465,FALSE,40803609
ptbr_604,1392,TRUE,41470,FALSE,77546790
ptbr_373,266,FALSE,129535,FALSE,191697728
ptbr_410,1521,TRUE,5054,FALSE,67986708
ptbr_1253,1184,FALSE,1664,FALSE,96299683
ptbr_1092,1084,FALSE,4588,FALSE,104007976
ptbr_1450,571,FALSE,4383,FALSE,150993985
ptbr_556,1037,FALSE,749,FALSE,109065401
ptbr_59,1638,FALSE,1372343,TRUE,61100141
ptbr_178,1077,TRUE,7911,FALSE,105820565
ptbr_1897,860,FALSE,9828,FALSE,125878223
ptbr_431,1720,FALSE,1399,FALSE,54092719
ptbr_1364,2469,FALSE,6949,FALSE,27278234
ptbr_1023,1766,FALSE,2107,FALSE,53004393
ptbr_1140,1151,TRUE,85612,FALSE,98047724
ptbr_1579,1970,FALSE,20101,TRUE,43806018
ptbr_795,2246,FALSE,2812,FALSE,33699502
ptbr_159,1980,FALSE,3775,FALSE,42329039
ptbr_1007,278,TRUE,1697,FALSE,189421637
ptbr_267,1594,TRUE,106183,FALSE,63545943
ptbr_499,1124,FALSE,10176,FALSE,102163520
ptbr_343,405,TRUE,4414,FALSE,172462847
ptbr_279,1136,FALSE,6224,FALSE,101270135
ptbr_199,2125,TRUE,905,FALSE,38565598
ptbr_1321,2374,FALSE,39991,FALSE,29719355
ptbr_1496,1562,FALSE,1549,FALSE,65468497
ptbr_1137,683,TRUE,2491803,TRUE,140589463
ptbr_1428,637,FALSE,389,FALSE,141511696
ptbr_74,1944,TRUE,11476,FALSE,44847256
ptbr_867,1287,TRUE,31605,FALSE,86181676
ptbr_482,464,FALSE,5992,FALSE,162952213
ptbr_1588,283,FALSE,1332,FALSE,186592596
ptbr_593,3467,FALSE,1951,FALSE,5272844
ptbr_1847,264,FALSE,3613,FALSE,191954792
ptbr_1567,1625,FALSE,1014,FALSE,61697325
ptbr_1452,1290,FALSE,4294,FALSE,87080004
ptbr_762,1423,FALSE,13195,FALSE,75433570
ptbr_728,678,TRUE,1154,FALSE,140936740
ptbr_356,255,FALSE,1811,FALSE,188195606
ptbr_1590,475,TRUE,118,FALSE,155360601
ptbr_1472,1960,FALSE,768,FALSE,44153960
ptbr_1504,649,FALSE,625,FALSE,141802661
ptbr_581,1559,FALSE,13257,FALSE,65705202
ptbr_679,1773,FALSE,12510,FALSE,52635209
ptbr_523,2415,FALSE,303425,TRUE,28640378
ptbr_746,1250,TRUE,7178,FALSE,90703429
ptbr_703,687,FALSE,230,FALSE,139630067
ptbr_1082,511,FALSE,1207,FALSE,157231490
ptbr_574,749,FALSE,7681,FALSE,135218392
ptbr_1738,301,FALSE,836,FALSE,185884294
ptbr_858,710,FALSE,32048,FALSE,138491681
ptbr_1098,1127,FALSE,2339,FALSE,100520328
ptbr_274,2303,TRUE,500595,TRUE,31552109
ptbr_476,2134,TRUE,1161,FALSE,38290945
ptbr_1746,834,FALSE,1165,FALSE,128159379
ptbr_1777,752,FALSE,4367,FALSE,134745821
ptbr_613,1977,FALSE,60410,FALSE,43193656
ptbr_948,1439,FALSE,771,FALSE,74123198
ptbr_1553,561,FALSE,5124,FALSE,151059726
ptbr_1318,1710,TRUE,45680,FALSE,56109880
ptbr_582,661,FALSE,1409,FALSE,141882612
ptbr_529,741,TRUE,1938,FALSE,130548870
ptbr_479,1796,TRUE,40181,FALSE,51414030
ptbr_721,2071,FALSE,562,FALSE,37701145
ptbr_822,2517,FALSE,10736,FALSE,25810656
ptbr_879,1401,FALSE,45849,TRUE,76977981
ptbr_220,1567,FALSE,1394,FALSE,64848365
ptbr_1858,1825,TRUE,1025,FALSE,50118526
ptbr_1601,1810,TRUE,3151,FALSE,50777452
ptbr_1815,780,TRUE,121,FALSE,131079767
ptbr_1108,958,FALSE,32374,FALSE,115784002
ptbr_1671,805,FALSE,28910,FALSE,130797055
ptbr_1687,1278,TRUE,15475,FALSE,88469026
ptbr_882,423,FALSE,402,FALSE,170030912
ptbr_825,709,FALSE,827,FALSE,138569077
ptbr_292,284,FALSE,1221,FALSE,188310155
ptbr_1180,1879,FALSE,5737,FALSE,47847912
ptbr_1520,2039,FALSE,92225,FALSE,40258764
ptbr_549,1883,TRUE,3164,FALSE,47568041
ptbr_913,1583,FALSE,12045,FALSE,64198626
ptbr_547,1881,FALSE,155,FALSE,47748262
ptbr_600,406,FALSE,2247,FALSE,172340508
ptbr_811,860,FALSE,4008,FALSE,125941449
ptbr_1892,1551,FALSE,31029,FALSE,66338761
ptbr_1835,1897,TRUE,2979,FALSE,46921997
ptbr_805,616,TRUE,6785,FALSE,146819360
ptbr_302,2344,FALSE,9371,FALSE,30226544
ptbr_94,2355,TRUE,9273,FALSE,30208200
ptbr_311,608,FALSE,824,FALSE,145719986
ptbr_687,697,TRUE,1773,FALSE,119391698
ptbr_743,1549,TRUE,59669,TRUE,66438715
ptbr_401,433,FALSE,489,FALSE,167543669
ptbr_375,2189,FALSE,6159,FALSE,36864834
ptbr_1356,610,FALSE,53990,FALSE,147372524
ptbr_625,815,FALSE,3803,FALSE,129094992
ptbr_843,623,FALSE,9530,FALSE,146094379
ptbr_1908,1085,TRUE,57441,FALSE,105016658
ptbr_231,2171,FALSE,5674,FALSE,37335559
ptbr_1351,2484,FALSE,29410,TRUE,26999678
ptbr_1506,3507,FALSE,10911,FALSE,4783274
ptbr_1422,2005,TRUE,1131490,TRUE,42531842
ptbr_1286,503,TRUE,5829,FALSE,157985519
ptbr_1034,2176,TRUE,12360,FALSE,37222539
ptbr_82,1551,FALSE,1115,FALSE,62021805
ptbr_1178,965,TRUE,8595,FALSE,116365796
ptbr_696,1488,FALSE,30068,FALSE,69936613
ptbr_1864,2234,FALSE,5200,FALSE,35781953
ptbr_1458,1793,FALSE,1126,FALSE,51083106
ptbr_1372,913,TRUE,349219,TRUE,121645992
ptbr_1091,507,TRUE,12977,FALSE,157690148
ptbr_1734,781,TRUE,135630,FALSE,132742784
ptbr_1051,1092,FALSE,2217,FALSE,103119024
ptbr_417,2216,FALSE,347130,TRUE,36254610
ptbr_1259,2153,FALSE,17962557,TRUE,37825200
ptbr_621,552,FALSE,5410,FALSE,152683844
ptbr_596,1018,FALSE,995,FALSE,110613627
ptbr_1370,814,TRUE,67345,FALSE,129975451
ptbr_988,2281,FALSE,3389231,TRUE,32126992
ptbr_1776,646,FALSE,64941,TRUE,143789788
ptbr_457,483,TRUE,4815,FALSE,160363488
ptbr_152,386,FALSE,19678,FALSE,174829911
ptbr_889,569,TRUE,31533,FALSE,151209804
ptbr_932,522,FALSE,1648,FALSE,156174244
ptbr_1143,2121,FALSE,13841,FALSE,38381293
ptbr_1268,330,TRUE,1475,FALSE,181086912
ptbr_1834,1930,FALSE,5915,FALSE,45399890
ptbr_890,1749,TRUE,15617,FALSE,53544783
ptbr_1628,1995,FALSE,1029,FALSE,42474919
ptbr_1643,2139,FALSE,2095511,TRUE,38194628
ptbr_1438,2042,TRUE,20016,FALSE,41188387
ptbr_1805,1056,FALSE,10638,FALSE,107663320
ptbr_1837,1549,TRUE,1023842,TRUE,66482009
ptbr_952,617,TRUE,12081,FALSE,146692039
ptbr_670,873,FALSE,913,FALSE,124589492
ptbr_1216,1933,TRUE,2493,FALSE,38636100
ptbr_1102,605,FALSE,106899,FALSE,147749179
ptbr_732,1627,TRUE,2625,FALSE,61830066
ptbr_959,580,TRUE,4276,FALSE,149870549
ptbr_202,652,FALSE,3524,FALSE,143217099
ptbr_623,1582,FALSE,2966,FALSE,64276023
ptbr_1680,540,TRUE,7167,FALSE,154056502
ptbr_361,2004,TRUE,37479,FALSE,42439454
ptbr_1013,499,FALSE,1390,FALSE,156535364
ptbr_309,2118,FALSE,5172,FALSE,38593309
ptbr_1210,278,FALSE,1938,FALSE,188740019
ptbr_1532,443,FALSE,9233,FALSE,166530275
ptbr_1909,1461,TRUE,4958,FALSE,72553811
ptbr_1016,2250,FALSE,1634,FALSE,33990746
ptbr_1906,1833,FALSE,19360,FALSE,49807335
ptbr_622,2455,FALSE,425350,TRUE,27645253
ptbr_62,2164,FALSE,3993336,TRUE,37531762
ptbr_881,1876,TRUE,20781,FALSE,47962421
ptbr_265,1975,FALSE,8415,FALSE,43408722
ptbr_1427,501,TRUE,106908,FALSE,158333967
ptbr_93,1934,FALSE,23168,FALSE,44720327
ptbr_967,233,TRUE,1074,FALSE,196712415
ptbr_1215,2244,FALSE,1047,FALSE,32791104
ptbr_970,1754,TRUE,1466,FALSE,53659621
ptbr_125,1880,FALSE,231,FALSE,47583516
ptbr_319,510,FALSE,634275,TRUE,157364934
ptbr_1826,1245,FALSE,38692,TRUE,91219968
ptbr_1190,400,TRUE,4000,FALSE,173206017
ptbr_280,1706,FALSE,142732,TRUE,56525432
ptbr_627,2148,FALSE,2756,FALSE,37932515
ptbr_532,204,FALSE,34902,FALSE,207541571
ptbr_1904,414,FALSE,1904,FALSE,171163615
ptbr_1164,1625,FALSE,214355,TRUE,61929923
ptbr_120,1653,FALSE,104571,TRUE,60137739
ptbr_862,760,FALSE,370328,TRUE,134555431
ptbr_248,2249,TRUE,13518,FALSE,34267694
ptbr_526,2108,FALSE,4783,FALSE,38998800
ptbr_907,1800,FALSE,3428,FALSE,51218290
ptbr_131,552,FALSE,12556,FALSE,152695080
ptbr_1652,1485,FALSE,5687,FALSE,71450067
ptbr_217,603,FALSE,21821,FALSE,147882474
ptbr_344,1098,FALSE,882,FALSE,88056577
ptbr_709,710,TRUE,2529,FALSE,138450434
ptbr_364,1436,FALSE,2061,FALSE,74576679
ptbr_1851,2091,FALSE,42930,FALSE,39279933
ptbr_300,918,FALSE,1571,FALSE,120668831
ptbr_1397,1133,TRUE,26746,FALSE,101432273
ptbr_1381,2101,FALSE,2737,FALSE,39085927
ptbr_1324,1758,TRUE,799,FALSE,52185920
ptbr_1198,758,TRUE,15094,FALSE,134609427
ptbr_1060,1191,FALSE,284,FALSE,93513938
ptbr_570,468,FALSE,744,FALSE,160986323
ptbr_1303,1871,TRUE,2492,FALSE,48001416
ptbr_1406,1403,FALSE,991,FALSE,75191132
ptbr_701,813,FALSE,2518,FALSE,130089213
ptbr_161,910,FALSE,3066,FALSE,121164142
ptbr_1451,2054,FALSE,3550,FALSE,40549443
ptbr_30,2002,TRUE,24739,FALSE,42598460
ptbr_918,424,FALSE,494,FALSE,169912199
ptbr_158,1172,TRUE,5190,FALSE,97444197
ptbr_1150,2274,FALSE,226994,TRUE,32303519
ptbr_857,1775,FALSE,6641,FALSE,52492064
ptbr_1748,355,FALSE,2622,FALSE,178742226
ptbr_273,1400,FALSE,1096,FALSE,76515431
ptbr_1195,1805,TRUE,21165,FALSE,50862508
ptbr_386,1275,FALSE,144764,TRUE,88679251
ptbr_385,1902,TRUE,11071,FALSE,46748498
ptbr_8,899,TRUE,680,FALSE,122236940
ptbr_1234,521,FALSE,44220,FALSE,156301942
ptbr_99,1647,FALSE,1438,FALSE,60495668
ptbr_379,1198,TRUE,13876,FALSE,94937927
ptbr_1536,495,FALSE,1249,FALSE,156921069
ptbr_660,1762,TRUE,6934,FALSE,53265824
ptbr_315,1734,TRUE,625042,TRUE,54883003
ptbr_635,1528,FALSE,523,FALSE,66479457
ptbr_287,2238,TRUE,7443937,TRUE,35750532
ptbr_503,841,FALSE,12218,FALSE,127382609
ptbr_180,798,TRUE,1403,FALSE,129888683
ptbr_181,2004,FALSE,1396,FALSE,42561950
ptbr_935,878,FALSE,54,FALSE,96565160
ptbr_1202,720,FALSE,9336,FALSE,137456156
ptbr_480,2000,FALSE,1129,FALSE,42681363
ptbr_1242,832,FALSE,32910,FALSE,128305799
ptbr_1700,1427,TRUE,77043,FALSE,73915956
ptbr_1595,1978,FALSE,2718,FALSE,43314529
ptbr_869,1485,TRUE,7010520,TRUE,71440174
ptbr_233,777,FALSE,91,FALSE,130155948
ptbr_508,518,FALSE,365,FALSE,155980893
ptbr_433,506,FALSE,2543,FALSE,157565874
ptbr_1664,2146,TRUE,1170,FALSE,37740021
ptbr_1338,1996,FALSE,112649,FALSE,42838884
ptbr_514,1555,FALSE,827892,TRUE,66053224
ptbr_494,1142,TRUE,8849,FALSE,100729901
ptbr_61,1437,FALSE,1318935,TRUE,74510447
ptbr_1889,682,FALSE,6305,FALSE,140656580
ptbr_1334,483,TRUE,2221,FALSE,160373589
ptbr_1507,2265,TRUE,1707,FALSE,32480427
ptbr_620,2033,FALSE,1515,FALSE,41329987
ptbr_182,1581,FALSE,1080,FALSE,64168356
ptbr_1081,1501,TRUE,1567,FALSE,68319500
ptbr_1464,262,TRUE,1499,FALSE,192326745
ptbr_985,948,FALSE,1094,FALSE,118101676
ptbr_1491,754,FALSE,30845,FALSE,134945933
ptbr_1209,1483,FALSE,72196,FALSE,71518767
ptbr_994,2405,FALSE,1351,FALSE,28425508
ptbr_1307,3323,FALSE,74,FALSE,7944991
ptbr_678,973,FALSE,1680,FALSE,115553732
ptbr_160,1134,TRUE,12913,FALSE,101410194
ptbr_1712,1057,FALSE,7387,FALSE,107028047
ptbr_1292,2030,FALSE,4521,FALSE,40988135
ptbr_1877,1722,FALSE,32341,FALSE,55480220
ptbr_40,1820,FALSE,4858,FALSE,50294860
ptbr_724,1913,TRUE,22643,FALSE,46064563
ptbr_130,1956,FALSE,919,FALSE,44306725
ptbr_151,2155,FALSE,733,FALSE,37376341
ptbr_910,311,FALSE,7559,FALSE,184395643
ptbr_840,1538,TRUE,3143,FALSE,67114748
ptbr_452,1984,FALSE,4331,FALSE,43291610
ptbr_749,2174,FALSE,1229,FALSE,36288074
ptbr_1714,698,FALSE,6597,FALSE,139066965
ptbr_1711,782,TRUE,15721,FALSE,132660807
ptbr_731,2308,FALSE,315349,TRUE,31409705
ptbr_1854,1721,FALSE,4793,FALSE,55479614
ptbr_993,533,FALSE,899,FALSE,154794020
ptbr_1194,1077,TRUE,41393,FALSE,105789958
ptbr_1359,908,TRUE,3160,FALSE,122039184
ptbr_979,1138,TRUE,36178,FALSE,101062654
ptbr_24,429,FALSE,9421,FALSE,169029674
ptbr_240,2283,FALSE,1568,FALSE,32080411
ptbr_1276,689,TRUE,2015,FALSE,139152082
ptbr_1073,1808,FALSE,2492,FALSE,50818641
ptbr_35,2071,FALSE,984385,TRUE,40181830
ptbr_1705,375,TRUE,2223,FALSE,174001730
ptbr_804,1815,FALSE,2270,FALSE,49563328
ptbr_652,441,TRUE,3629,FALSE,167118220
ptbr_1598,1579,TRUE,6469,FALSE,64449897
ptbr_694,767,FALSE,888,FALSE,134043106
ptbr_87,1297,FALSE,6817,FALSE,86163643
ptbr_1361,1405,FALSE,87175,TRUE,76786158
ptbr_765,1862,FALSE,23187,FALSE,48604776
ptbr_1101,950,FALSE,18205,FALSE,117999326
ptbr_1754,609,FALSE,23997,FALSE,147373735
ptbr_573,1556,TRUE,10070,FALSE,65909974
ptbr_1827,1369,TRUE,64886,FALSE,79633667
ptbr_693,1793,FALSE,2484,FALSE,50795995
ptbr_170,350,FALSE,1848,FALSE,176415108
ptbr_642,240,FALSE,624,FALSE,195794292
ptbr_1330,1422,FALSE,1159,FALSE,75422543
ptbr_955,693,FALSE,551021,TRUE,139745227
ptbr_1021,1469,TRUE,2291,FALSE,72384187
ptbr_1468,768,TRUE,2830,FALSE,133905504
ptbr_1246,1429,TRUE,22229,FALSE,75074195
ptbr_1605,822,TRUE,15903,FALSE,129396082
ptbr_719,179,FALSE,639,FALSE,214599189
ptbr_323,452,FALSE,3652,FALSE,164922061
ptbr_1249,579,TRUE,164433,FALSE,150170268
ptbr_1830,199,FALSE,670,FALSE,207871820
ptbr_1271,273,FALSE,22478,FALSE,190343883
ptbr_1184,1348,FALSE,1528,FALSE,81660405
ptbr_1317,2338,FALSE,6691,FALSE,28173449
ptbr_702,1166,TRUE,163308,FALSE,98137584
ptbr_1456,687,FALSE,626,FALSE,139349067
ptbr_358,642,FALSE,3152,FALSE,144175897
ptbr_775,1379,TRUE,7429,FALSE,78403192
ptbr_661,700,TRUE,46118,FALSE,139281825
ptbr_389,1479,TRUE,2666,FALSE,71643992
ptbr_965,2176,FALSE,46174,FALSE,37197789
ptbr_1679,2130,FALSE,434,FALSE,37334545
ptbr_1807,739,TRUE,371599,TRUE,136189230
ptbr_1898,219,FALSE,3135,FALSE,139419603
ptbr_1718,503,FALSE,55686,FALSE,158068314
ptbr_1843,1679,FALSE,275535,TRUE,58444331
ptbr_384,1479,TRUE,23331,FALSE,71873361
ptbr_357,1929,FALSE,971,FALSE,44704535
ptbr_154,1064,FALSE,3764,FALSE,106930521
ptbr_13,1693,FALSE,3604,FALSE,38211613
ptbr_354,494,TRUE,1415,FALSE,159040272
ptbr_560,1069,TRUE,1571234,TRUE,106464447
ptbr_3,1535,FALSE,10203,FALSE,67547140
ptbr_745,1427,TRUE,24685,FALSE,75249218
ptbr_1793,1573,FALSE,42051,FALSE,64888574
ptbr_1250,1875,FALSE,918,FALSE,44765611
ptbr_255,1728,FALSE,1725,FALSE,51147329
ptbr_915,288,FALSE,1707,FALSE,187701121
ptbr_949,770,TRUE,5439,FALSE,133662655
ptbr_487,1218,FALSE,2933,FALSE,93312028
ptbr_1627,1675,FALSE,4079,FALSE,57900454
ptbr_906,1284,FALSE,114454,TRUE,87780328
ptbr_715,749,FALSE,3417,FALSE,135083533
ptbr_1736,1374,TRUE,17716,FALSE,79085188
ptbr_472,703,FALSE,271099,TRUE,139064318
ptbr_252,317,FALSE,860,FALSE,182538808
ptbr_1119,2250,FALSE,20431,FALSE,33693566
ptbr_1384,486,FALSE,9897,FALSE,160059210
ptbr_1001,172,FALSE,21670,FALSE,216229945
ptbr_690,424,FALSE,927,FALSE,169891285
ptbr_1160,1948,TRUE,49354,FALSE,44665270
ptbr_1505,1932,TRUE,31634,FALSE,44432550
ptbr_1903,606,TRUE,350,FALSE,146591710
ptbr_492,661,FALSE,109952,TRUE,142418424
ptbr_119,1679,FALSE,47812,FALSE,58396936
ptbr_443,1756,FALSE,1570,FALSE,37383624
ptbr_819,1087,FALSE,19118,FALSE,104822491
ptbr_1045,2074,FALSE,8778,FALSE,40073375
ptbr_25,1008,FALSE,308721,TRUE,112029747
ptbr_1540,1428,FALSE,664,FALSE,74860414
ptbr_830,809,FALSE,13843,FALSE,130238190
ptbr_1693,1445,FALSE,6432,FALSE,73690667
ptbr_421,1089,FALSE,2889,FALSE,104711067
ptbr_1173,1154,TRUE,8768,FALSE,98971037
ptbr_1290,1267,FALSE,1254,FALSE,89176827
ptbr_673,981,TRUE,1477,FALSE,114828727
ptbr_2,1915,FALSE,768573,TRUE,46154411
ptbr_691,1401,FALSE,60865,TRUE,76953046
ptbr_1488,335,FALSE,1473,FALSE,181234825
ptbr_1126,768,TRUE,32653,FALSE,133421417
ptbr_1413,2169,FALSE,20595,FALSE,37420011
ptbr_1550,2188,TRUE,11967,FALSE,36896011
ptbr_1389,1668,TRUE,9468,FALSE,58690502
ptbr_107,1354,FALSE,1054,FALSE,80965866
ptbr_1808,2037,TRUE,776827,TRUE,41340698
ptbr_987,2427,FALSE,97267,FALSE,28367874
ptbr_454,734,FALSE,19,FALSE,118825948
ptbr_1562,1658,FALSE,2434,FALSE,59858209
ptbr_235,617,FALSE,9114294,TRUE,146752015
ptbr_1657,2408,FALSE,674645,TRUE,28834384
ptbr_1529,1302,FALSE,3571,FALSE,85645364
ptbr_206,1605,TRUE,61897,FALSE,62876408
ptbr_676,453,FALSE,5940,FALSE,165090751
ptbr_1434,1672,FALSE,4878,FALSE,58952287
ptbr_266,674,FALSE,122,FALSE,133612118
ptbr_145,1048,FALSE,39,FALSE,106970010
ptbr_1052,1232,TRUE,1748,FALSE,91613361
ptbr_7,1846,FALSE,472,FALSE,49311754
ptbr_1288,2573,FALSE,6665,FALSE,25085737
ptbr_1404,194,FALSE,4391,FALSE,210688987
ptbr_866,2231,FALSE,841939,TRUE,35919495
ptbr_1197,1970,TRUE,6058,FALSE,43813392
ptbr_1163,384,FALSE,560,FALSE,168610240
ptbr_1629,205,FALSE,6443,FALSE,206811036
ptbr_257,820,TRUE,10356,FALSE,129552965
ptbr_1812,1697,FALSE,4846,FALSE,57048228
ptbr_1366,1585,FALSE,1454480,TRUE,64113564
ptbr_372,1288,FALSE,1472,FALSE,82613055
ptbr_1566,1543,FALSE,2336,FALSE,66932012
ptbr_38,2210,FALSE,520593,TRUE,36413513
ptbr_826,2062,FALSE,1509,FALSE,39876329
ptbr_1141,1983,FALSE,2277,FALSE,43334026
ptbr_1522,1954,FALSE,99512,FALSE,44399821
ptbr_567,678,TRUE,49485,FALSE,141006028
ptbr_1632,1588,TRUE,23586,FALSE,63868341
ptbr_1849,1270,TRUE,13898,FALSE,89149293
ptbr_943,1841,FALSE,1603,FALSE,49060169
ptbr_615,1999,FALSE,12850,FALSE,42739003
ptbr_1018,1675,FALSE,1924,FALSE,58353757
ptbr_1042,1575,TRUE,46908,TRUE,64694426
ptbr_891,1243,TRUE,1302,FALSE,90560336
ptbr_1591,2076,FALSE,2308,FALSE,39796058
ptbr_1426,1674,FALSE,84906,FALSE,58787463
ptbr_1357,1017,FALSE,10313,FALSE,111002775
ptbr_1624,595,FALSE,919,FALSE,146509219
ptbr_1575,1623,FALSE,11724,FALSE,61937546
ptbr_1443,1775,FALSE,1001255,TRUE,52550701
ptbr_441,1398,TRUE,1597579,TRUE,77214656
ptbr_1887,1005,TRUE,16210,FALSE,112439232
ptbr_707,2010,TRUE,10018,FALSE,41735677
ptbr_1424,2047,FALSE,1821767,TRUE,41008133
ptbr_1248,1802,FALSE,774,FALSE,32479897
ptbr_1803,2129,FALSE,6348,FALSE,38416140
ptbr_1648,1434,TRUE,519,FALSE,66932082
ptbr_766,864,FALSE,4246,FALSE,125611479
ptbr_1773,469,FALSE,223151,TRUE,162197201
ptbr_186,1004,FALSE,9680,FALSE,112578987
ptbr_1266,942,TRUE,938,FALSE,106687165
ptbr_817,2130,TRUE,50635,TRUE,38418136
ptbr_1062,545,TRUE,2613,FALSE,153426132
ptbr_1168,1636,TRUE,3766,FALSE,61262284
ptbr_888,1176,FALSE,1289,FALSE,96801079
ptbr_924,1085,TRUE,1273,FALSE,104986515
ptbr_1344,2170,TRUE,139828,TRUE,37325884
ptbr_1402,1584,FALSE,1576,FALSE,64191449
ptbr_1899,436,FALSE,1745,FALSE,165519316
ptbr_1239,466,FALSE,27528,FALSE,162675328
ptbr_1360,358,FALSE,4001,FALSE,178301844
ptbr_1779,1679,FALSE,12751,FALSE,57757407
ptbr_329,1465,FALSE,81,FALSE,64365280
ptbr_1035,1673,FALSE,16422,FALSE,57036482
ptbr_1732,1972,FALSE,24873,FALSE,43699836
ptbr_1572,2052,FALSE,499,FALSE,40784435
ptbr_216,2015,TRUE,3666,FALSE,42135633
ptbr_1715,314,FALSE,445,FALSE,184004182
ptbr_756,507,FALSE,367,FALSE,157554265
ptbr_174,1601,FALSE,6165789,TRUE,63111564
ptbr_137,1501,FALSE,11779,FALSE,70435129
ptbr_1677,2197,FALSE,28428,FALSE,36688471
ptbr_1796,352,FALSE,2368,FALSE,179083904
ptbr_168,2070,FALSE,0,FALSE,36127104
ptbr_225,1554,FALSE,35081,FALSE,65843701
ptbr_1396,1096,FALSE,145,FALSE,103459792
ptbr_258,1680,FALSE,148214,TRUE,58368097
ptbr_897,1610,TRUE,15406,FALSE,62641125
ptbr_1326,1505,FALSE,38827,FALSE,70163269
ptbr_350,1793,FALSE,988,FALSE,51229451
ptbr_1557,764,TRUE,1522749,TRUE,134233365
ptbr_19,1969,FALSE,1307,FALSE,42668068
ptbr_1902,596,FALSE,2383,FALSE,148295641
ptbr_838,670,FALSE,6269,FALSE,141784826
ptbr_524,1732,FALSE,2136,FALSE,50758779
ptbr_42,523,FALSE,2532,FALSE,156053582
ptbr_1116,1420,TRUE,806,FALSE,68529210
ptbr_674,2670,FALSE,4923,FALSE,23016888
ptbr_312,1804,FALSE,30817,FALSE,51028659
ptbr_432,1768,FALSE,86060,FALSE,52941593
ptbr_48,2442,TRUE,17573,FALSE,27977060
ptbr_1825,1917,FALSE,665225,TRUE,45989700
ptbr_1707,176,FALSE,392,FALSE,207109700
ptbr_1780,1787,FALSE,63359,FALSE,51842788
ptbr_1653,252,FALSE,585050,TRUE,194389241
ptbr_404,1486,FALSE,102825,FALSE,71431034
ptbr_129,459,FALSE,5512,FALSE,163913388
ptbr_298,1902,FALSE,786061,TRUE,46736025
ptbr_47,1514,TRUE,29531,FALSE,69402712
ptbr_651,1567,FALSE,7733,FALSE,65237911
ptbr_1203,1983,FALSE,24614,FALSE,43313696
ptbr_980,444,TRUE,13970,FALSE,166148096
ptbr_1708,609,TRUE,1062,FALSE,146652741
ptbr_575,1792,FALSE,634,FALSE,50359162
ptbr_413,744,FALSE,1486,FALSE,135575703
ptbr_127,1592,FALSE,32672093,TRUE,63602976
ptbr_1442,903,FALSE,351586,TRUE,122440748
ptbr_422,708,TRUE,1808365,TRUE,138633370
ptbr_1394,1388,TRUE,328071,TRUE,77757388
ptbr_609,1783,FALSE,12072,FALSE,52110640
ptbr_599,1403,FALSE,939031,TRUE,76895515
ptbr_1319,1917,FALSE,543,FALSE,41167673
ptbr_1403,612,FALSE,4349,FALSE,147209178
ptbr_849,637,TRUE,5355,FALSE,144517477
ptbr_1228,305,FALSE,765,FALSE,183716442
ptbr_982,1705,FALSE,2979319,TRUE,56559621
ptbr_758,1920,TRUE,3451,FALSE,45891855
ptbr_465,691,FALSE,366357,TRUE,139977155
ptbr_84,371,FALSE,157,FALSE,174598174
ptbr_308,1896,TRUE,35100,FALSE,46187182
ptbr_716,1733,FALSE,7392,FALSE,54961678
ptbr_1490,422,TRUE,10398,FALSE,170187916
ptbr_1859,965,TRUE,27776,FALSE,116162431
ptbr_1513,2232,TRUE,18232,FALSE,35888311
ptbr_801,1734,TRUE,1069,FALSE,54093500
ptbr_1474,682,TRUE,33493,FALSE,140633959
ptbr_713,1415,FALSE,17479,FALSE,75990539
ptbr_540,953,TRUE,22557,FALSE,117650586
ptbr_677,545,FALSE,14623,FALSE,152893832
ptbr_1153,1626,FALSE,1422,FALSE,61426084
ptbr_1136,2210,FALSE,27510,FALSE,36411778
ptbr_90,341,FALSE,1365,FALSE,180523198
ptbr_388,541,TRUE,199695,TRUE,153951033
ptbr_275,709,TRUE,352377,TRUE,138583485
ptbr_737,460,FALSE,845,FALSE,163382835
ptbr_277,1355,TRUE,5629,FALSE,80876147
ptbr_1465,1538,FALSE,3323,FALSE,67435611
ptbr_148,1481,FALSE,2150756,TRUE,71491922
ptbr_1660,2024,FALSE,33101623,TRUE,41783889
ptbr_975,1870,FALSE,6126,FALSE,48007150
ptbr_1061,2729,FALSE,72863,FALSE,21919955
ptbr_1523,835,FALSE,10454,FALSE,128068813
ptbr_1431,2118,FALSE,8439,FALSE,38583320
ptbr_821,494,TRUE,7092,FALSE,158430942
ptbr_1219,374,FALSE,14168,FALSE,176011850
ptbr_1644,1884,FALSE,8842,FALSE,47623621
ptbr_1017,571,FALSE,5002,FALSE,151050332
ptbr_1221,2189,TRUE,62204,FALSE,36923984
ptbr_418,989,FALSE,2082,FALSE,111927449
ptbr_1761,1139,FALSE,15036,FALSE,101025540
ptbr_823,2306,FALSE,11836,FALSE,31351760
ptbr_436,1562,FALSE,11657,FALSE,65438646
ptbr_1673,1377,TRUE,563470,TRUE,78937603
ptbr_1816,1897,TRUE,2550,FALSE,46959776
ptbr_612,895,TRUE,8322,FALSE,123057460
ptbr_1064,2639,FALSE,763,FALSE,23572857
ptbr_1287,1890,TRUE,1859701,TRUE,47319792
ptbr_429,1209,TRUE,1235644,TRUE,94122924
ptbr_1606,1769,FALSE,5762,FALSE,51484563
ptbr_734,2172,TRUE,3744,FALSE,37203549
ptbr_1167,2265,TRUE,183547,FALSE,32569803
ptbr_294,870,FALSE,26860,FALSE,125120167
ptbr_565,837,TRUE,38330,FALSE,127849674
ptbr_1789,1593,FALSE,11935,FALSE,62947062
ptbr_976,1424,FALSE,15256,FALSE,75460947
ptbr_15,1759,TRUE,413017,TRUE,53461024
ptbr_1068,2043,TRUE,1318725,TRUE,41134315
ptbr_271,447,FALSE,8793,FALSE,166067153
ptbr_628,622,FALSE,5443111,TRUE,146244950
ptbr_1833,1901,TRUE,2178,FALSE,46726993
ptbr_1170,1609,FALSE,14647,FALSE,62704080
ptbr_1481,1292,TRUE,4522,FALSE,86789239
ptbr_986,1746,FALSE,11472,FALSE,54096215
ptbr_1688,1338,FALSE,936,FALSE,79613476
ptbr_169,330,FALSE,1414,FALSE,181117314
ptbr_72,231,FALSE,261,FALSE,197812373
ptbr_1802,2310,FALSE,355262,TRUE,31354156
ptbr_568,1495,FALSE,284,FALSE,70436045
ptbr_175,235,FALSE,7266,FALSE,196858254
ptbr_408,1830,FALSE,3138,FALSE,49746817
ptbr_192,1108,TRUE,3088,FALSE,103371187
ptbr_781,2279,FALSE,3242219,TRUE,32171655
ptbr_812,712,TRUE,7375,FALSE,138242338
ptbr_290,1896,FALSE,116392808,TRUE,47071880
ptbr_969,1258,FALSE,923,FALSE,89999332
ptbr_1501,1770,TRUE,180299,TRUE,52763808
ptbr_1341,557,TRUE,184191,FALSE,152320872
ptbr_347,1317,FALSE,1112,FALSE,83464968
ptbr_1637,903,FALSE,1362,FALSE,121011646
ptbr_1201,501,TRUE,2836,FALSE,157288986
ptbr_1135,648,TRUE,7931,FALSE,141588865
ptbr_653,2413,FALSE,461239,TRUE,28568424
ptbr_209,272,FALSE,22926,FALSE,190539854
ptbr_591,531,FALSE,7362,FALSE,155145481
ptbr_714,2121,FALSE,7937,FALSE,38594060
ptbr_729,1436,FALSE,2295,FALSE,40702214
ptbr_301,2177,TRUE,2628,FALSE,37147296
ptbr_1783,2171,FALSE,15316,FALSE,37355242
ptbr_419,1449,FALSE,93402,FALSE,73622424
ptbr_1400,2179,TRUE,10807,FALSE,37071828
ptbr_1093,1406,FALSE,967,FALSE,75626795
ptbr_1217,609,FALSE,30582,FALSE,147425718
ptbr_1030,2128,TRUE,6190,FALSE,32880769
ptbr_1622,1360,FALSE,3734,FALSE,80242276
ptbr_1885,862,TRUE,8055,FALSE,125627804
ptbr_1224,2564,FALSE,6103,FALSE,24967766
ptbr_668,545,FALSE,217,FALSE,150549937
ptbr_1621,688,FALSE,2224383,TRUE,140171844
ptbr_1669,512,TRUE,159640,TRUE,157226922
ptbr_456,845,FALSE,5054,FALSE,127173599
ptbr_1033,851,TRUE,4674,FALSE,124442761
ptbr_157,3041,TRUE,3134,FALSE,13131835
ptbr_1213,810,FALSE,11472,FALSE,130394681
ptbr_1689,1559,FALSE,2548,FALSE,65752613
ptbr_1463,1463,FALSE,8352,FALSE,72694871
ptbr_802,814,TRUE,5742,FALSE,129850128
ptbr_1433,1617,FALSE,4757210,TRUE,62336028
ptbr_1065,597,FALSE,1642,FALSE,147646688
ptbr_140,1809,TRUE,4004,FALSE,50831683
ptbr_1362,1141,FALSE,544,FALSE,100842392
ptbr_1821,1379,FALSE,2329443,TRUE,78626614
ptbr_58,564,FALSE,3084,FALSE,150294635
ptbr_195,2041,TRUE,663071,TRUE,41222584
ptbr_1866,2107,TRUE,3691,FALSE,38723465
ptbr_234,1556,FALSE,15657,FALSE,65782286
ptbr_1056,690,TRUE,4479,FALSE,140040385
ptbr_296,2011,FALSE,752,FALSE,42177169
ptbr_562,878,FALSE,22256,FALSE,124458178
ptbr_614,357,FALSE,1222,FALSE,178400820
ptbr_1670,2746,TRUE,52951,FALSE,21552638
ptbr_1398,2322,FALSE,6032,FALSE,31001561
ptbr_1788,1292,FALSE,496,FALSE,85801598
ptbr_680,1668,FALSE,31565,FALSE,59220897
ptbr_1371,635,TRUE,42073,FALSE,144772004
ptbr_1719,1805,FALSE,40663,FALSE,51010831
ptbr_1694,1744,TRUE,1487978,TRUE,54283820
ptbr_541,784,FALSE,1861,FALSE,132560027
ptbr_865,153,FALSE,386,FALSE,212842282
ptbr_877,1383,FALSE,6221,FALSE,78223162
ptbr_592,893,TRUE,19064,FALSE,123106571
ptbr_1369,428,TRUE,32632,FALSE,169167778
ptbr_12,637,FALSE,19156,FALSE,144629081
ptbr_10,1955,FALSE,2748,FALSE,44150799
ptbr_1358,1897,FALSE,4392,FALSE,44563340
ptbr_923,919,TRUE,53510,FALSE,119265169
ptbr_44,2272,FALSE,2347,FALSE,31666260
ptbr_1703,668,FALSE,506,FALSE,139562554
ptbr_1130,444,TRUE,2891,FALSE,164702581
ptbr_909,264,FALSE,555,FALSE,189118330
ptbr_473,2808,TRUE,3521,FALSE,20071423
ptbr_894,493,FALSE,1833997,TRUE,159270742
ptbr_102,1500,FALSE,1876198,TRUE,70557915
ptbr_664,1950,TRUE,107604,FALSE,44570028
ptbr_1910,1195,FALSE,1294,FALSE,95277046
ptbr_1310,608,TRUE,12374,FALSE,147462946
ptbr_1758,1359,FALSE,4397521,TRUE,80539309
ptbr_1331,1818,FALSE,1842,FALSE,50441040
ptbr_70,881,FALSE,25136,FALSE,124158099
ptbr_760,2138,FALSE,3397,FALSE,38039141
ptbr_816,2051,FALSE,460,FALSE,40810505
ptbr_789,875,FALSE,2338,FALSE,124507814
ptbr_646,2440,FALSE,691,FALSE,27694460
ptbr_1763,2054,TRUE,1581600,TRUE,40779449
ptbr_359,3150,FALSE,3412,FALSE,10789658
ptbr_483,1990,TRUE,17036,FALSE,42963990
ptbr_1813,775,FALSE,195,FALSE,131956516
ptbr_507,809,TRUE,187209,TRUE,130434140
ptbr_1690,798,FALSE,18926,FALSE,131427878
ptbr_778,3047,FALSE,12233,FALSE,12998275
ptbr_400,646,FALSE,28124,FALSE,143713140
ptbr_875,1812,TRUE,1628,FALSE,50652984
ptbr_1407,360,FALSE,1700,FALSE,177617886
ptbr_1613,1359,FALSE,4242,FALSE,80588162
ptbr_1306,550,FALSE,1782,FALSE,151743262
ptbr_1069,672,FALSE,458,FALSE,140368108
ptbr_726,2078,TRUE,47772,FALSE,39880224
ptbr_1546,1180,FALSE,2030,FALSE,96701700
ptbr_1528,909,FALSE,9219,FALSE,121883855
ptbr_654,960,TRUE,338594,TRUE,116946322
ptbr_1189,2378,FALSE,50472,FALSE,29641130
ptbr_1695,2445,FALSE,2448,FALSE,27834290
ptbr_1778,388,TRUE,20325,FALSE,174755550
ptbr_916,453,FALSE,5613,FALSE,165099394
ptbr_1054,1190,FALSE,1366,FALSE,95443131
ptbr_1327,1884,TRUE,3689,FALSE,47414086
ptbr_1772,842,TRUE,3609,FALSE,127407018
ptbr_753,1931,FALSE,11294,FALSE,45346951
ptbr_1839,3113,TRUE,11846,FALSE,11583324
ptbr_1165,1261,FALSE,4543,FALSE,89864646
ptbr_1497,1562,FALSE,6637,FALSE,65531032
ptbr_124,951,FALSE,39837,FALSE,117764377
ptbr_89,368,FALSE,701,FALSE,176332989
ptbr_1086,1904,TRUE,6291491,TRUE,46631195
ptbr_299,879,FALSE,4860,FALSE,124383343
ptbr_81,1593,FALSE,477,FALSE,63343516
ptbr_1392,1331,FALSE,23685,FALSE,83017548
ptbr_1817,441,FALSE,164,FALSE,167032114
ptbr_52,1856,TRUE,4224,FALSE,48783201
ptbr_394,2669,TRUE,3629,FALSE,23073630
ptbr_207,2402,FALSE,727872,TRUE,29020626
ptbr_1508,1635,FALSE,804,FALSE,59255980
ptbr_398,1817,TRUE,61764,FALSE,50488807
ptbr_142,1900,FALSE,3912,FALSE,46850375
ptbr_1828,1168,FALSE,5511,FALSE,97891001
ptbr_1741,1211,TRUE,27659,FALSE,93613709
ptbr_1125,1159,FALSE,1903,FALSE,94951784
ptbr_813,576,FALSE,7229,FALSE,150496888
ptbr_552,711,FALSE,325,FALSE,138169203
ptbr_104,1708,FALSE,12729,FALSE,56340704
ptbr_1094,1997,FALSE,1018,FALSE,41421100
ptbr_896,269,FALSE,113,FALSE,188653315
ptbr_742,693,TRUE,5678,FALSE,139753018
ptbr_1127,1303,TRUE,5542,FALSE,85612907
ptbr_1301,1236,FALSE,2274,FALSE,91482897
ptbr_1237,2424,FALSE,1637,FALSE,28281470
ptbr_1795,1547,TRUE,6519,FALSE,66514688
ptbr_14,1169,FALSE,2421,FALSE,96509982
ptbr_1650,2628,TRUE,4366,FALSE,23780816
ptbr_999,1469,TRUE,48512,FALSE,72460340
ptbr_530,1229,TRUE,18290,FALSE,92447880
ptbr_1462,515,FALSE,1429,FALSE,157002835
ptbr_1299,2422,FALSE,43188,FALSE,28433164
ptbr_245,880,TRUE,24540,FALSE,124368988
ptbr_783,1585,FALSE,506,FALSE,63993453
ptbr_1770,1245,FALSE,39783,FALSE,91201229
ptbr_1077,1929,FALSE,1676,FALSE,45213958
ptbr_366,1271,FALSE,1243,FALSE,86160173
ptbr_1282,1586,FALSE,948,FALSE,63003360
ptbr_787,1577,FALSE,1822,FALSE,62981789
ptbr_903,531,TRUE,21230,FALSE,155133805
ptbr_322,2072,FALSE,778,FALSE,39703242
ptbr_779,2349,FALSE,10377,FALSE,30348932
ptbr_1675,1382,FALSE,2487,FALSE,78249478
ptbr_945,1718,FALSE,6639,FALSE,55728059
ptbr_1261,328,FALSE,196,FALSE,179654430
ptbr_435,2139,FALSE,42823,TRUE,38110132
ptbr_1212,960,TRUE,4738,FALSE,116960638
ptbr_1742,1585,FALSE,25425,FALSE,64077455
ptbr_156,1477,FALSE,8201,FALSE,70480222
ptbr_291,1929,TRUE,52886,FALSE,45367945
ptbr_1047,1079,TRUE,10579,FALSE,105380006
ptbr_121,1607,FALSE,883688,FALSE,62841101
ptbr_655,785,FALSE,379,FALSE,132556639
ptbr_1395,1876,FALSE,5508,FALSE,47459279
ptbr_1868,1777,FALSE,4620,FALSE,52330379
ptbr_91,277,FALSE,4097,FALSE,189112511
ptbr_1609,700,FALSE,14989,FALSE,139230584
ptbr_686,1669,TRUE,40520,FALSE,59172303
ptbr_606,1562,FALSE,457,FALSE,62723369
ptbr_288,1104,FALSE,2636,FALSE,103109253
ptbr_155,2073,FALSE,1819,FALSE,40077219
ptbr_587,939,TRUE,59001,FALSE,118936833
ptbr_776,1077,TRUE,1390,FALSE,105576061
ptbr_657,1471,FALSE,2213,FALSE,72267161
ptbr_1819,401,TRUE,8885,FALSE,171925297
ptbr_337,1737,TRUE,2354,FALSE,54555381
ptbr_1530,514,FALSE,3029,FALSE,157101281
ptbr_640,911,FALSE,7967,FALSE,121656685
ptbr_884,335,TRUE,10635,FALSE,181442372
ptbr_1752,624,TRUE,11819,FALSE,146005665
ptbr_978,1364,TRUE,26113,FALSE,80048468
ptbr_1757,838,FALSE,335,FALSE,127778476
ptbr_97,939,TRUE,1074,FALSE,117907663
ptbr_318,2399,FALSE,3743432,TRUE,29094596
ptbr_360,1520,FALSE,1194,FALSE,68911901
ptbr_1492,1089,FALSE,74008,FALSE,104606862
ptbr_31,461,TRUE,36082,FALSE,162951230
ptbr_1255,1678,FALSE,2742,FALSE,58354343
ptbr_1264,1967,TRUE,8397,FALSE,43899578
ptbr_841,1495,FALSE,4650,FALSE,70772478
ptbr_1437,1533,FALSE,750,FALSE,63024162
ptbr_1441,1913,FALSE,13016,FALSE,46144554
ptbr_921,1179,FALSE,5982,FALSE,96750573
ptbr_852,1349,TRUE,9336,FALSE,81499923
ptbr_920,1994,FALSE,4276,FALSE,42940301
ptbr_1006,535,FALSE,31956,FALSE,154490948
ptbr_1263,532,TRUE,1089073,TRUE,154892745
ptbr_1577,713,TRUE,2156,FALSE,136465728
ptbr_230,2044,FALSE,3332,FALSE,41095685
ptbr_85,957,FALSE,2086092,TRUE,117209801
ptbr_1390,2600,FALSE,73074,TRUE,24456135
ptbr_33,1471,FALSE,2429821,TRUE,72319043
ptbr_1611,2137,FALSE,7192,FALSE,38247806
ptbr_449,422,FALSE,928,FALSE,169288658
ptbr_1844,1097,TRUE,398825,TRUE,104140645
ptbr_1028,1119,TRUE,16508,FALSE,101919668
ptbr_996,1322,TRUE,4800198,TRUE,83957804
ptbr_1378,236,TRUE,3665,FALSE,190766004
ptbr_490,1241,FALSE,4139,FALSE,91046944
ptbr_22,930,TRUE,2218,FALSE,119648295
ptbr_618,1417,FALSE,4206,FALSE,75883839
ptbr_1631,2282,FALSE,1466102,TRUE,32099757
ptbr_1129,3449,FALSE,2133,FALSE,5915027
ptbr_658,720,FALSE,188,FALSE,137087898
ptbr_904,2087,FALSE,1255,FALSE,39630453
ptbr_427,1111,FALSE,352,FALSE,58635175
ptbr_166,600,FALSE,174,FALSE,147337592
ptbr_1771,1676,TRUE,569,FALSE,58371790
ptbr_700,1634,FALSE,10092,FALSE,61371886
ptbr_927,530,FALSE,8282,FALSE,155161583
ptbr_1785,2479,FALSE,7593,FALSE,27086573
ptbr_736,463,FALSE,1482,FALSE,162383459
ptbr_1353,1780,FALSE,14642,FALSE,52132739
ptbr_1874,636,FALSE,725,FALSE,144776437
ptbr_1289,1803,FALSE,12994,FALSE,51075832
ptbr_250,1464,FALSE,381019,TRUE,72733233
ptbr_39,1331,FALSE,1175,FALSE,82804811
ptbr_73,153,FALSE,1385,FALSE,221134999
ptbr_683,1622,FALSE,22421,FALSE,61912524
ptbr_485,846,FALSE,3715,FALSE,126919705
ptbr_381,838,FALSE,2621,FALSE,127566666
ptbr_428,845,TRUE,552640,TRUE,127210410
ptbr_1059,2202,FALSE,23509,FALSE,36347597
ptbr_459,1660,TRUE,17586,FALSE,59679717
ptbr_491,1074,TRUE,91513,FALSE,106050595
ptbr_501,406,TRUE,3031,FALSE,172348488
ptbr_546,2334,FALSE,344,FALSE,30397603
ptbr_594,2321,FALSE,16437,FALSE,31044881
ptbr_977,1539,TRUE,3642,FALSE,67278839
ptbr_1493,1169,TRUE,1388,FALSE,96775313
ptbr_1663,1724,FALSE,3460,FALSE,55004656
ptbr_937,851,FALSE,164,FALSE,124266410
ptbr_793,1285,FALSE,2553,FALSE,86247084
ptbr_4,1549,FALSE,23686,TRUE,64962566
ptbr_455,1298,FALSE,4521724,TRUE,86107102
ptbr_1502,362,FALSE,528752,FALSE,177814691
ptbr_251,653,TRUE,2949,FALSE,142750259
ptbr_1454,2163,TRUE,87920,FALSE,37542983
ptbr_1053,549,FALSE,27496,FALSE,152963255
ptbr_1581,949,FALSE,93464,TRUE,118124614
ptbr_828,1189,FALSE,487931,TRUE,95721196
ptbr_445,712,FALSE,6205,FALSE,138347469
ptbr_641,1226,TRUE,8756,FALSE,92644723
ptbr_561,2263,FALSE,699,FALSE,32351776
ptbr_538,2963,TRUE,468,FALSE,9618582
ptbr_662,1836,TRUE,10310,FALSE,49490844
ptbr_187,654,TRUE,1527,FALSE,142938540
ptbr_185,1020,FALSE,598,FALSE,110625194
ptbr_1894,612,FALSE,41102,FALSE,147183607
ptbr_1187,878,FALSE,1802,FALSE,124467704
ptbr_1251,1367,TRUE,5496,FALSE,79827397
ptbr_283,522,TRUE,6660,FALSE,156222076
ptbr_1070,1727,FALSE,7927,FALSE,52394222
ptbr_141,2221,TRUE,4858298,TRUE,36135238
ptbr_956,1948,FALSE,26127,FALSE,44656588
ptbr_1753,617,FALSE,8249,FALSE,146664731
ptbr_293,1882,FALSE,55108,FALSE,47706764
ptbr_1192,632,FALSE,1715,FALSE,143944196
ptbr_748,855,TRUE,25450,FALSE,126228748
ptbr_1549,1198,FALSE,4275,FALSE,95026440
ptbr_238,1096,FALSE,3730,FALSE,104034838
ptbr_1656,1285,TRUE,6999,FALSE,87326176
ptbr_1510,1391,FALSE,5289,FALSE,77655221
ptbr_1019,1345,FALSE,9016,FALSE,81897567
ptbr_617,862,FALSE,85348,FALSE,125707582
ptbr_864,1440,TRUE,3081,FALSE,74356521
ptbr_46,2040,FALSE,1679,FALSE,40992855
ptbr_1188,2142,FALSE,7351,FALSE,38083066
ptbr_1379,646,TRUE,357,FALSE,143457205
ptbr_69,796,TRUE,9023,FALSE,131612817
ptbr_1243,1919,FALSE,2395,FALSE,45341321
ptbr_1159,317,FALSE,1310,FALSE,183634353
ptbr_75,654,FALSE,3233,FALSE,142885017
ptbr_1380,1158,FALSE,2410,FALSE,98180022
ptbr_1420,2150,TRUE,2392,FALSE,37637120
ptbr_610,544,FALSE,13111,FALSE,153552178
ptbr_1256,1044,TRUE,92632,FALSE,108513960
ptbr_317,533,TRUE,32913,FALSE,154845887
ptbr_998,1520,FALSE,254,FALSE,68966447
ptbr_954,1903,TRUE,115224,TRUE,46711481
ptbr_380,474,FALSE,2117,FALSE,161583244
ptbr_688,1302,FALSE,75237,FALSE,85628371
ptbr_1888,1675,FALSE,13497,FALSE,58743713
ptbr_1509,1402,FALSE,2126,FALSE,76580663
ptbr_1278,2282,FALSE,13055,FALSE,31926998
ptbr_960,612,FALSE,1988,FALSE,147015638
ptbr_1440,1022,FALSE,284,FALSE,110304433
ptbr_647,615,FALSE,9223,FALSE,146859389
ptbr_1731,1863,FALSE,2310,FALSE,48074363
ptbr_833,987,FALSE,1544,FALSE,114118952
ptbr_1335,1876,FALSE,627,FALSE,47594330
ptbr_469,2611,TRUE,10304,FALSE,24146935
ptbr_1571,1496,TRUE,796,FALSE,70507826
ptbr_911,1162,FALSE,27047,FALSE,98535293
ptbr_1471,673,FALSE,1401,FALSE,141511783
ptbr_328,1558,FALSE,9082,FALSE,65786589
ptbr_1345,506,TRUE,1118,FALSE,157686643
ptbr_1856,1977,FALSE,4013,FALSE,43552725
ptbr_853,823,FALSE,21885,FALSE,129260505
ptbr_634,643,FALSE,5611,FALSE,144094560
ptbr_747,494,TRUE,90003,FALSE,159176262
ptbr_470,1627,TRUE,19427,FALSE,61826040
ptbr_260,824,FALSE,397843,TRUE,129184332
ptbr_1439,803,FALSE,569,FALSE,128314404
ptbr_36,2036,FALSE,1577684,TRUE,41381217
ptbr_1685,716,FALSE,9133,FALSE,137948831
ptbr_147,794,TRUE,176608,FALSE,131773744
ptbr_1162,304,FALSE,9638,FALSE,185378549
ptbr_351,1223,FALSE,17230,FALSE,92891266
ptbr_1662,523,TRUE,89843,FALSE,156040686
ptbr_1551,1267,TRUE,1528,FALSE,89201932
ptbr_1879,1148,FALSE,10295,FALSE,98403017
ptbr_515,1499,FALSE,11513,FALSE,70567017
ptbr_1295,1839,TRUE,290148,TRUE,49572612
ptbr_1204,2203,FALSE,351,FALSE,35924513
ptbr_1343,1753,FALSE,294,FALSE,52607852
ptbr_824,692,FALSE,10948,FALSE,139831013
ptbr_53,467,TRUE,24450,FALSE,160792673
ptbr_1336,406,TRUE,852,FALSE,171035485
ptbr_785,2042,TRUE,46883,FALSE,40961691
ptbr_533,1790,FALSE,55255,FALSE,51713166
ptbr_1199,2281,TRUE,55736,FALSE,32123416
ptbr_1014,1780,FALSE,3367727,FALSE,52258897
ptbr_1809,1871,FALSE,23804,FALSE,47300382
ptbr_1905,564,FALSE,2521,FALSE,151293922
ptbr_773,1560,FALSE,11047,FALSE,65533557
ptbr_844,654,FALSE,3993,FALSE,143042308
ptbr_1840,847,FALSE,14535,FALSE,127004510
ptbr_666,958,FALSE,23131,FALSE,117076893
ptbr_563,421,TRUE,21575,FALSE,170202307
ptbr_1774,899,FALSE,9983,FALSE,122732249
ptbr_649,992,FALSE,583373,TRUE,113313155
ptbr_1029,1125,TRUE,134,FALSE,94397603
ptbr_1417,2135,FALSE,2678,FALSE,38288375
ptbr_1333,2494,TRUE,104818,FALSE,26782548
ptbr_1446,616,FALSE,1146,FALSE,146512954
ptbr_1619,1623,TRUE,10899,FALSE,62041494
ptbr_1723,2341,TRUE,2297,FALSE,29818473
ptbr_1089,2357,TRUE,211042,FALSE,30161186
ptbr_1594,1510,FALSE,185772,FALSE,61906271
ptbr_818,957,FALSE,3138,FALSE,117262628
ptbr_263,324,TRUE,8772,FALSE,182710865
ptbr_1537,1561,FALSE,1743,FALSE,65279869
ptbr_870,1693,FALSE,238276,TRUE,57497395
ptbr_1576,497,FALSE,2595,FALSE,156855614
ptbr_520,1484,TRUE,3889,FALSE,71369841
ptbr_348,1283,FALSE,4023,FALSE,87651081
ptbr_886,1636,FALSE,9381,FALSE,61301729
ptbr_1298,1421,FALSE,18582,FALSE,75562316
ptbr_1354,1759,TRUE,140602,TRUE,53431173
ptbr_1171,1058,FALSE,1064,FALSE,106777042
ptbr_1755,2541,TRUE,30236,FALSE,25736476
ptbr_1257,1498,TRUE,13504,FALSE,70060714
ptbr_1457,2954,FALSE,18320,FALSE,15256652
ptbr_1238,773,TRUE,3189,FALSE,133491327
ptbr_1766,363,TRUE,1825,FALSE,177381054
ptbr_1735,1660,FALSE,2999,FALSE,58815035
ptbr_45,1122,FALSE,18534438,TRUE,102346837
ptbr_460,1789,FALSE,612099,TRUE,51786703
ptbr_1791,2055,FALSE,22355,FALSE,40721144
ptbr_1363,2288,FALSE,2129,FALSE,31947673
ptbr_11,1847,TRUE,19019,FALSE,48902165
ptbr_1147,2509,FALSE,2076169,TRUE,26461252
ptbr_718,417,FALSE,8133,FALSE,170817044
ptbr_1729,1649,TRUE,4580,FALSE,57868905
ptbr_123,295,TRUE,585,FALSE,185970967
ptbr_564,572,FALSE,77408,FALSE,150955207
ptbr_1240,2192,TRUE,758075,TRUE,36830116
ptbr_1115,1709,TRUE,37817,FALSE,56295823
ptbr_933,628,TRUE,51366,FALSE,145213349
ptbr_1674,865,FALSE,488,FALSE,124829189
ptbr_1518,1665,FALSE,1596,FALSE,58808864
ptbr_1871,2180,FALSE,10760,FALSE,37109649
ptbr_725,448,FALSE,282198,TRUE,165979679
ptbr_689,2295,TRUE,1796373,TRUE,31741396
ptbr_213,1224,FALSE,3968,FALSE,92791262
ptbr_92,2003,TRUE,60988,TRUE,42582994
ptbr_1831,1233,FALSE,17506,FALSE,92143437
ptbr_1157,952,FALSE,2112849,TRUE,117725614
ptbr_176,1420,TRUE,339854,TRUE,75723151
ptbr_847,1042,TRUE,2147,FALSE,108750601
ptbr_598,1314,TRUE,16335,FALSE,84604186
ptbr_412,2464,FALSE,1736,FALSE,27255690
ptbr_276,434,FALSE,512,FALSE,164455025
ptbr_1459,1367,TRUE,2906,FALSE,79797326
ptbr_462,1895,TRUE,3012,FALSE,46941162
ptbr_1,1561,FALSE,345,FALSE,63655936
ptbr_1088,1724,FALSE,198,FALSE,53926176
ptbr_1074,617,FALSE,4071,FALSE,146733303
ptbr_1078,2448,TRUE,1329099,TRUE,27834753
ptbr_1071,169,FALSE,3168,FALSE,216492272
ptbr_535,1242,TRUE,1400,FALSE,91481235
ptbr_1169,490,FALSE,9752,FALSE,159590863
ptbr_681,2082,TRUE,55810,FALSE,39810504
ptbr_1009,807,FALSE,20714,FALSE,130608140
ptbr_989,726,TRUE,8770,FALSE,137230353
ptbr_1072,2405,FALSE,3533,FALSE,28907219
ptbr_697,675,FALSE,43456,FALSE,141219303
ptbr_228,277,TRUE,4811,FALSE,189583866
ptbr_506,1173,FALSE,2154,FALSE,96683099
ptbr_1109,2269,TRUE,31699,FALSE,32454983
ptbr_50,520,TRUE,2532,FALSE,155762781
ptbr_115,1585,FALSE,60462,FALSE,63971581
ptbr_1432,366,FALSE,13306,FALSE,177327129
ptbr_1233,1777,FALSE,2443,FALSE,52269500
ptbr_326,3068,FALSE,2537,FALSE,12639012
ptbr_28,1943,FALSE,3143,FALSE,44822534
ptbr_1891,1760,FALSE,771,FALSE,53112774
ptbr_246,1659,FALSE,35076,FALSE,59802154
ptbr_1039,1663,TRUE,11646,FALSE,59593070
ptbr_1103,353,FALSE,412,FALSE,175827260
ptbr_1124,1523,TRUE,6879,FALSE,68712849
ptbr_699,2199,TRUE,3870,FALSE,36208929
ptbr_109,2233,FALSE,563412,TRUE,35856620
ptbr_769,1066,FALSE,130221,TRUE,106353597
ptbr_504,1684,FALSE,698715,TRUE,58115154
ptbr_1649,853,FALSE,8537,FALSE,126471631